column,answer,timestamp
Na kateri fakulteti študirate? (At which faculty do you study?),Fakulteta za matematiko in fiziko (Faculty of Mathematics and Physics),2025/11/04 12:13:27 pop. GMT +1
Kateri študijski program obiskujete? (Which study program are you enrolled in?).2,Univerzitetni študijski program FIZIKA (University Study Program PHYSICS),2025/11/04 12:13:27 pop. GMT +1
Kam ga boste dali po zamenjavi? (What will you do with it after replacement?),Obdržal_a ga bom kot rezervni telefon (Keep it as a backup phone),2025/11/04 12:13:27 pop. GMT +1
Kam ste prejšnji telefon dali/odvrgli? (What did you do with your previous phone?),Obdržal_a kot rezervni telefon (Kept it as a backup phone),2025/11/04 12:13:27 pop. GMT +1
Na kateri fakulteti študirate? (At which faculty do you study?),Fakulteta za matematiko in fiziko (Faculty of Mathematics and Physics),2025/11/04 12:20:08 pop. GMT +1
Kateri študijski program obiskujete? (Which study program are you enrolled in?).2,Univerzitetni študijski program FIZIKA (University Study Program PHYSICS),2025/11/04 12:20:08 pop. GMT +1
Kam ga boste dali po zamenjavi? (What will you do with it after replacement?),Obdržal_a ga bom kot rezervni telefon (Keep it as a backup phone),2025/11/04 12:20:08 pop. GMT +1
Kam ste prejšnji telefon dali/odvrgli? (What did you do with your previous phone?),Obdržal_a kot rezervni telefon (Kept it as a backup phone),2025/11/04 12:20:08 pop. GMT +1
"Dodatne informacije, ki bi jih želeli deliti (npr. zamenjal bom baterijo in telefon še naprej uporabljal, …)
(Additional information you would like to share — e.g., I will replace the battery and continue using the phone)",Zares nočem zamenjat telefona in ga bom imela dokler bo dihal...in potem bom verjetno ostala na oneplusu ali pa gem na google,2025/11/04 12:20:08 pop. GMT +1
Na kateri fakulteti študirate? (At which faculty do you study?),Fakulteta za matematiko in fiziko (Faculty of Mathematics and Physics),2025/11/04 12:22:25 pop. GMT +1
Kateri študijski program obiskujete? (Which study program are you enrolled in?).2,Magistrski študijski program FIZIKA (Master’s Study Program PHYSICS),2025/11/04 12:22:25 pop. GMT +1
Kolikšna je bila cena telefona ob nakupu? (What was the price of the phone when you bought it?),Ne vem / prejel_a sem ga kot darilo (I don’t know / received it as a gift),2025/11/04 12:22:25 pop. GMT +1
Kdaj imate namen telefon zamenjati? (When do you plan to replace your phone?),"Nimam namena ga zamenjati, dokler deluje (I don’t plan to replace it as long as it works)",2025/11/04 12:22:25 pop. GMT +1
Kam ga boste dali po zamenjavi? (What will you do with it after replacement?),Obdržal_a ga bom kot rezervni telefon (Keep it as a backup phone),2025/11/04 12:22:25 pop. GMT +1
Kam ste prejšnji telefon dali/odvrgli? (What did you do with your previous phone?),Obdržal_a kot rezervni telefon (Kept it as a backup phone),2025/11/04 12:22:25 pop. GMT +1
Na kateri fakulteti študirate? (At which faculty do you study?),Fakulteta za matematiko in fiziko (Faculty of Mathematics and Physics),2025/11/04 12:25:28 pop. GMT +1
Kdaj imate namen telefon zamenjati? (When do you plan to replace your phone?),"Nimam namena ga zamenjati, dokler deluje (I don’t plan to replace it as long as it works)",2025/11/04 12:25:28 pop. GMT +1
Na kateri fakulteti študirate? (At which faculty do you study?),Fakulteta za matematiko in fiziko (Faculty of Mathematics and Physics),2025/11/04 12:33:09 pop. GMT +1
Kateri študijski program obiskujete? (Which study program are you enrolled in?).2,Univerzitetni študijski program FIZIKA (University Study Program PHYSICS),2025/11/04 12:33:09 pop. GMT +1
Kam ga boste dali po zamenjavi? (What will you do with it after replacement?),Obdržal_a ga bom kot rezervni telefon (Keep it as a backup phone),2025/11/04 12:33:09 pop. GMT +1
Kam ste prejšnji telefon dali/odvrgli? (What did you do with your previous phone?),Obdržal_a kot rezervni telefon (Kept it as a backup phone),2025/11/04 12:33:09 pop. GMT +1
Na kateri fakulteti študirate? (At which faculty do you study?),Fakulteta za računalništvo in informatiko (Faculty of Computer and Information Science),2025/11/04 12:33:36 pop. GMT +1
Kateri študijski program obiskujete? (Which study program are you enrolled in?).3,"Računalništvo in informatika, visokošolski program (Computer Science and Informatics, higher professional program)",2025/11/04 12:33:36 pop. GMT +1
Kam ga boste dali po zamenjavi? (What will you do with it after replacement?),Podaril_a družinskemu članu / prijatelju (Give it to a family member/friend),2025/11/04 12:33:36 pop. GMT +1
Na kateri fakulteti študirate? (At which faculty do you study?),Fakulteta za matematiko in fiziko (Faculty of Mathematics and Physics),2025/11/04 12:34:06 pop. GMT +1
Kateri študijski program obiskujete? (Which study program are you enrolled in?).2,Univerzitetni študijski program FIZIKA (University Study Program PHYSICS),2025/11/04 12:34:06 pop. GMT +1
Kdaj imate namen telefon zamenjati? (When do you plan to replace your phone?),"Nimam namena ga zamenjati, dokler deluje (I don’t plan to replace it as long as it works)",2025/11/04 12:34:06 pop. GMT +1
"Dodatne informacije, ki bi jih želeli deliti (npr. zamenjal bom baterijo in telefon še naprej uporabljal, …)
(Additional information you would like to share — e.g., I will replace the battery and continue using the phone)","https://youtu.be/0rlS80hRIVQ
it's not a rickroll, that song's link is https://youtu.be/dQw4w9WgXcQ",2025/11/04 12:34:06 pop. GMT +1
Na kateri fakulteti študirate? (At which faculty do you study?),Fakulteta za matematiko in fiziko (Faculty of Mathematics and Physics),2025/11/04 12:38:28 pop. GMT +1
Kateri študijski program obiskujete? (Which study program are you enrolled in?).2,Univerzitetni študijski program FIZIKA (University Study Program PHYSICS),2025/11/04 12:38:28 pop. GMT +1
Kdaj imate namen telefon zamenjati? (When do you plan to replace your phone?),"Nimam namena ga zamenjati, dokler deluje (I don’t plan to replace it as long as it works)",2025/11/04 12:38:28 pop. GMT +1
Kam ga boste dali po zamenjavi? (What will you do with it after replacement?),Obdržal_a ga bom kot rezervni telefon (Keep it as a backup phone),2025/11/04 12:38:28 pop. GMT +1
Kam ste prejšnji telefon dali/odvrgli? (What did you do with your previous phone?),Obdržal_a kot rezervni telefon (Kept it as a backup phone),2025/11/04 12:38:28 pop. GMT +1
Na kateri fakulteti študirate? (At which faculty do you study?),Fakulteta za matematiko in fiziko (Faculty of Mathematics and Physics),2025/11/04 12:39:51 pop. GMT +1
Kateri študijski program obiskujete? (Which study program are you enrolled in?).2,Univerzitetni študijski program FIZIKA (University Study Program PHYSICS),2025/11/04 12:39:51 pop. GMT +1
Zakaj ga imate namen zamenjati? (Why do you plan to replace it?),Počasno delovanje / zastarelost (Slow or outdated performance),2025/11/04 12:39:51 pop. GMT +1
Kam ga boste dali po zamenjavi? (What will you do with it after replacement?),Obdržal_a ga bom kot rezervni telefon (Keep it as a backup phone),2025/11/04 12:39:51 pop. GMT +1
Kam ste prejšnji telefon dali/odvrgli? (What did you do with your previous phone?),Obdržal_a kot rezervni telefon (Kept it as a backup phone),2025/11/04 12:39:51 pop. GMT +1
Na kateri fakulteti študirate? (At which faculty do you study?),Fakulteta za matematiko in fiziko (Faculty of Mathematics and Physics),2025/11/04 12:40:12 pop. GMT +1
Kateri študijski program obiskujete? (Which study program are you enrolled in?).2,Magistrski študijski program PEDAGOŠKA FIZIKA (Master’s Study Program EDUCATIONAL PHYSICS),2025/11/04 12:40:12 pop. GMT +1
Kdaj imate namen telefon zamenjati? (When do you plan to replace your phone?),"Nimam namena ga zamenjati, dokler deluje (I don’t plan to replace it as long as it works)",2025/11/04 12:40:12 pop. GMT +1
Kam ga boste dali po zamenjavi? (What will you do with it after replacement?),Obdržal_a ga bom kot rezervni telefon (Keep it as a backup phone),2025/11/04 12:40:12 pop. GMT +1
"Dodatne informacije, ki bi jih želeli deliti (npr. zamenjal bom baterijo in telefon še naprej uporabljal, …)
(Additional information you would like to share — e.g., I will replace the battery and continue using the phone)","Že preventivno uporabljam nastavitve, ki naj bi podaljšale življenjsko dobo (npr. polnjenje le do 80 %), podobno prilagajam tudi uporabo.

Pri prejšnjem telefonu je bila za kriva kombinacija faktorjev (nezanesljivo delovanje, premalo vgrajene shrambe za vse uporabljane aplikacije, počasno delovanje).",2025/11/04 12:40:12 pop. GMT +1
Na kateri fakulteti študirate? (At which faculty do you study?),Fakulteta za matematiko in fiziko (Faculty of Mathematics and Physics),2025/11/04 12:41:51 pop. GMT +1
Kateri študijski program obiskujete? (Which study program are you enrolled in?).2,Univerzitetni študijski program FIZIKA (University Study Program PHYSICS),2025/11/04 12:41:51 pop. GMT +1
Kolikšna je bila cena telefona ob nakupu? (What was the price of the phone when you bought it?),Ne vem / prejel_a sem ga kot darilo (I don’t know / received it as a gift),2025/11/04 12:41:51 pop. GMT +1
Kdaj imate namen telefon zamenjati? (When do you plan to replace your phone?),"Nimam namena ga zamenjati, dokler deluje (I don’t plan to replace it as long as it works)",2025/11/04 12:41:51 pop. GMT +1
Zakaj ga imate namen zamenjati? (Why do you plan to replace it?),Počasno delovanje / zastarelost (Slow or outdated performance),2025/11/04 12:41:51 pop. GMT +1
"Dodatne informacije, ki bi jih želeli deliti (npr. zamenjal bom baterijo in telefon še naprej uporabljal, …)
(Additional information you would like to share — e.g., I will replace the battery and continue using the phone)",Iskreno mi je uredu imeti isti telefon dokler je uporaben:),2025/11/04 12:41:51 pop. GMT +1
Na kateri fakulteti študirate? (At which faculty do you study?),Fakulteta za računalništvo in informatiko (Faculty of Computer and Information Science),2025/11/04 12:45:18 pop. GMT +1
Kateri študijski program obiskujete? (Which study program are you enrolled in?).3,"Računalništvo in matematika, univerzitetni interdisciplinarni program (Computer Science and Mathematics, university interdisciplinary program)",2025/11/04 12:45:18 pop. GMT +1
Kam ga boste dali po zamenjavi? (What will you do with it after replacement?),Oddal_a v reciklažo / zbirni center (Recycle / take to collection center),2025/11/04 12:45:18 pop. GMT +1
Na kateri fakulteti študirate? (At which faculty do you study?),Fakulteta za matematiko in fiziko (Faculty of Mathematics and Physics),2025/11/04 12:45:24 pop. GMT +1
Kateri študijski program obiskujete? (Which study program are you enrolled in?).2,Univerzitetni študijski program FIZIKA (University Study Program PHYSICS),2025/11/04 12:45:24 pop. GMT +1
Kdaj imate namen telefon zamenjati? (When do you plan to replace your phone?),"Nimam namena ga zamenjati, dokler deluje (I don’t plan to replace it as long as it works)",2025/11/04 12:45:24 pop. GMT +1
Zakaj ga imate namen zamenjati? (Why do you plan to replace it?),Počasno delovanje / zastarelost (Slow or outdated performance),2025/11/04 12:45:24 pop. GMT +1
Kam ga boste dali po zamenjavi? (What will you do with it after replacement?),Obdržal_a ga bom kot rezervni telefon (Keep it as a backup phone),2025/11/04 12:45:24 pop. GMT +1
Na kateri fakulteti študirate? (At which faculty do you study?),Fakulteta za matematiko in fiziko (Faculty of Mathematics and Physics),2025/11/04 1:00:15 pop. GMT +1
Kateri študijski program obiskujete? (Which study program are you enrolled in?).2,Univerzitetni študijski program FIZIKA (University Study Program PHYSICS),2025/11/04 1:00:15 pop. GMT +1
Kdaj imate namen telefon zamenjati? (When do you plan to replace your phone?),"Nimam namena ga zamenjati, dokler deluje (I don’t plan to replace it as long as it works)",2025/11/04 1:00:15 pop. GMT +1
Kam ga boste dali po zamenjavi? (What will you do with it after replacement?),Obdržal_a ga bom kot rezervni telefon (Keep it as a backup phone),2025/11/04 1:00:15 pop. GMT +1
Kam ste prejšnji telefon dali/odvrgli? (What did you do with your previous phone?),Obdržal_a kot rezervni telefon (Kept it as a backup phone),2025/11/04 1:00:15 pop. GMT +1
Na kateri fakulteti študirate? (At which faculty do you study?),Fakulteta za matematiko in fiziko (Faculty of Mathematics and Physics),2025/11/04 1:01:20 pop. GMT +1
Kolikšna je bila cena telefona ob nakupu? (What was the price of the phone when you bought it?),Ne vem / prejel_a sem ga kot darilo (I don’t know / received it as a gift),2025/11/04 1:01:20 pop. GMT +1
Kdaj imate namen telefon zamenjati? (When do you plan to replace your phone?),"Nimam namena ga zamenjati, dokler deluje (I don’t plan to replace it as long as it works)",2025/11/04 1:01:20 pop. GMT +1
Kam ga boste dali po zamenjavi? (What will you do with it after replacement?),Obdržal_a ga bom kot rezervni telefon (Keep it as a backup phone),2025/11/04 1:01:20 pop. GMT +1
Kam ste prejšnji telefon dali/odvrgli? (What did you do with your previous phone?),Obdržal_a kot rezervni telefon (Kept it as a backup phone),2025/11/04 1:01:20 pop. GMT +1
Na kateri fakulteti študirate? (At which faculty do you study?),Fakulteta za matematiko in fiziko (Faculty of Mathematics and Physics),2025/11/04 1:05:04 pop. GMT +1
Kateri študijski program obiskujete? (Which study program are you enrolled in?).2,Univerzitetni študijski program MATEMATIKA (University Study Program MATHEMATICS),2025/11/04 1:05:04 pop. GMT +1
Zakaj ga imate namen zamenjati? (Why do you plan to replace it?),Počasno delovanje / zastarelost (Slow or outdated performance),2025/11/04 1:05:04 pop. GMT +1
Kam ga boste dali po zamenjavi? (What will you do with it after replacement?),Obdržal_a ga bom kot rezervni telefon (Keep it as a backup phone),2025/11/04 1:05:04 pop. GMT +1
Kam ste prejšnji telefon dali/odvrgli? (What did you do with your previous phone?),Obdržal_a kot rezervni telefon (Kept it as a backup phone),2025/11/04 1:05:04 pop. GMT +1
Na kateri fakulteti študirate? (At which faculty do you study?),Fakulteta za matematiko in fiziko (Faculty of Mathematics and Physics),2025/11/04 1:09:43 pop. GMT +1
Kateri študijski program obiskujete? (Which study program are you enrolled in?).2,Univerzitetni študijski program FIZIKA (University Study Program PHYSICS),2025/11/04 1:09:43 pop. GMT +1
Kdaj imate namen telefon zamenjati? (When do you plan to replace your phone?),"Nimam namena ga zamenjati, dokler deluje (I don’t plan to replace it as long as it works)",2025/11/04 1:09:43 pop. GMT +1
Kam ste prejšnji telefon dali/odvrgli? (What did you do with your previous phone?),Obdržal_a kot rezervni telefon (Kept it as a backup phone),2025/11/04 1:09:43 pop. GMT +1
Na kateri fakulteti študirate? (At which faculty do you study?),Fakulteta za matematiko in fiziko (Faculty of Mathematics and Physics),2025/11/04 1:09:56 pop. GMT +1
Kateri študijski program obiskujete? (Which study program are you enrolled in?).2,Magistrski študijski program FIZIKA (Master’s Study Program PHYSICS),2025/11/04 1:09:56 pop. GMT +1
Kam ga boste dali po zamenjavi? (What will you do with it after replacement?),Obdržal_a ga bom kot rezervni telefon (Keep it as a backup phone),2025/11/04 1:09:56 pop. GMT +1
Kam ste prejšnji telefon dali/odvrgli? (What did you do with your previous phone?),Obdržal_a kot rezervni telefon (Kept it as a backup phone),2025/11/04 1:09:56 pop. GMT +1
Na kateri fakulteti študirate? (At which faculty do you study?),Fakulteta za matematiko in fiziko (Faculty of Mathematics and Physics),2025/11/04 1:10:41 pop. GMT +1
Kateri študijski program obiskujete? (Which study program are you enrolled in?).2,Univerzitetni študijski program FIZIKA (University Study Program PHYSICS),2025/11/04 1:10:41 pop. GMT +1
Kolikšna je bila cena telefona ob nakupu? (What was the price of the phone when you bought it?),Ne vem / prejel_a sem ga kot darilo (I don’t know / received it as a gift),2025/11/04 1:10:41 pop. GMT +1
Kam ga boste dali po zamenjavi? (What will you do with it after replacement?),Obdržal_a ga bom kot rezervni telefon (Keep it as a backup phone),2025/11/04 1:10:41 pop. GMT +1
Kam ste prejšnji telefon dali/odvrgli? (What did you do with your previous phone?),Obdržal_a kot rezervni telefon (Kept it as a backup phone),2025/11/04 1:10:41 pop. GMT +1
Na kateri fakulteti študirate? (At which faculty do you study?),Fakulteta za matematiko in fiziko (Faculty of Mathematics and Physics),2025/11/04 1:16:06 pop. GMT +1
Kateri študijski program obiskujete? (Which study program are you enrolled in?).2,Univerzitetni študijski program FIZIKA (University Study Program PHYSICS),2025/11/04 1:16:06 pop. GMT +1
Kdaj imate namen telefon zamenjati? (When do you plan to replace your phone?),"Nimam namena ga zamenjati, dokler deluje (I don’t plan to replace it as long as it works)",2025/11/04 1:16:06 pop. GMT +1
Zakaj ste zamenjali prejšnji telefon? (Why did you replace your previous phone?),"Bil je zelo star, ni imel funkcij, ki sem jih potreboval.",2025/11/04 1:16:06 pop. GMT +1
Na kateri fakulteti študirate? (At which faculty do you study?),Fakulteta za matematiko in fiziko (Faculty of Mathematics and Physics) UL,2025/11/04 1:17:29 pop. GMT +1
Na kateri fakulteti študirate? (At which faculty do you study?),Fakulteta za matematiko in fiziko (Faculty of Mathematics and Physics) UL,2025/11/04 1:25:03 pop. GMT +1
Kateri študijski program obiskujete? (Which study program are you enrolled in?).2,Univerzitetni študijski program FIZIKA (University Study Program PHYSICS),2025/11/04 1:25:03 pop. GMT +1
Kdaj imate namen telefon zamenjati? (When do you plan to replace your phone?),"Nimam namena ga zamenjati, dokler deluje (I don’t plan to replace it as long as it works)",2025/11/04 1:25:03 pop. GMT +1
Zakaj ga imate namen zamenjati? (Why do you plan to replace it?),Počasno delovanje / zastarelost (Slow or outdated performance),2025/11/04 1:25:03 pop. GMT +1
Na kateri fakulteti študirate? (At which faculty do you study?),Fakulteta za matematiko in fiziko (Faculty of Mathematics and Physics) UL,2025/11/04 1:30:08 pop. GMT +1
Kateri študijski program obiskujete? (Which study program are you enrolled in?).2,Univerzitetni študijski program FIZIKA (University Study Program PHYSICS),2025/11/04 1:30:08 pop. GMT +1
Kolikšna je bila cena telefona ob nakupu? (What was the price of the phone when you bought it?),Ne vem / prejel_a sem ga kot darilo (I don’t know / received it as a gift),2025/11/04 1:30:08 pop. GMT +1
Kdaj imate namen telefon zamenjati? (When do you plan to replace your phone?),"Nimam namena ga zamenjati, dokler deluje (I don’t plan to replace it as long as it works)",2025/11/04 1:30:08 pop. GMT +1
Kam ste prejšnji telefon dali/odvrgli? (What did you do with your previous phone?),Obdržal_a kot rezervni telefon (Kept it as a backup phone),2025/11/04 1:30:08 pop. GMT +1
Na kateri fakulteti študirate? (At which faculty do you study?),Fakulteta za matematiko in fiziko (Faculty of Mathematics and Physics) UL,2025/11/04 1:52:08 pop. GMT +1
Kateri študijski program obiskujete? (Which study program are you enrolled in?).2,Univerzitetni študijski program FIZIKA (University Study Program PHYSICS),2025/11/04 1:52:08 pop. GMT +1
Kolikšna je bila cena telefona ob nakupu? (What was the price of the phone when you bought it?),Ne vem / prejel_a sem ga kot darilo (I don’t know / received it as a gift),2025/11/04 1:52:08 pop. GMT +1
Kdaj imate namen telefon zamenjati? (When do you plan to replace your phone?),"Nimam namena ga zamenjati, dokler deluje (I don’t plan to replace it as long as it works)",2025/11/04 1:52:08 pop. GMT +1
Zakaj ga imate namen zamenjati? (Why do you plan to replace it?),Počasno delovanje / zastarelost (Slow or outdated performance),2025/11/04 1:52:08 pop. GMT +1
Kam ga boste dali po zamenjavi? (What will you do with it after replacement?),Obdržal_a ga bom kot rezervni telefon (Keep it as a backup phone),2025/11/04 1:52:08 pop. GMT +1
Zakaj ste zamenjali prejšnji telefon? (Why did you replace your previous phone?),"Določene aplikacije so prenehala delovati, ker je bil prestar operacijski sistem in ni imel več posodobitev",2025/11/04 1:52:08 pop. GMT +1
Kam ste prejšnji telefon dali/odvrgli? (What did you do with your previous phone?),Obdržal_a kot rezervni telefon (Kept it as a backup phone),2025/11/04 1:52:08 pop. GMT +1
Na kateri fakulteti študirate? (At which faculty do you study?),"Fakulteta za elektrotehniko, računalništvo in informatiko (Faculty of Electrical Engineering and Computer Science) UM",2025/11/04 1:53:39 pop. GMT +1
Kateri študijski program obiskujete? (Which study program are you enrolled in?).1,Računalništvo in informacijske tehnologije Mag (Computer and Information Technologies),2025/11/04 1:53:39 pop. GMT +1
Zakaj ga imate namen zamenjati? (Why do you plan to replace it?),Počasno delovanje / zastarelost (Slow or outdated performance),2025/11/04 1:53:39 pop. GMT +1
Kam ga boste dali po zamenjavi? (What will you do with it after replacement?),Obdržal_a ga bom kot rezervni telefon (Keep it as a backup phone),2025/11/04 1:53:39 pop. GMT +1
Kam ste prejšnji telefon dali/odvrgli? (What did you do with your previous phone?),Obdržal_a kot rezervni telefon (Kept it as a backup phone),2025/11/04 1:53:39 pop. GMT +1
Na kateri fakulteti študirate? (At which faculty do you study?),Fakulteta za matematiko in fiziko (Faculty of Mathematics and Physics) UL,2025/11/04 2:03:39 pop. GMT +1
Zakaj ga imate namen zamenjati? (Why do you plan to replace it?),Počasno delovanje / zastarelost (Slow or outdated performance),2025/11/04 2:03:39 pop. GMT +1
Kam ga boste dali po zamenjavi? (What will you do with it after replacement?),Obdržal_a ga bom kot rezervni telefon (Keep it as a backup phone),2025/11/04 2:03:39 pop. GMT +1
Kam ste prejšnji telefon dali/odvrgli? (What did you do with your previous phone?),Obdržal_a kot rezervni telefon (Kept it as a backup phone),2025/11/04 2:03:39 pop. GMT +1
Na kateri fakulteti študirate? (At which faculty do you study?),Fakulteta za matematiko in fiziko (Faculty of Mathematics and Physics) UL,2025/11/04 2:06:05 pop. GMT +1
Kateri študijski program obiskujete? (Which study program are you enrolled in?).2,Interdisciplinarni magistrski študijski program RAČUNALNIŠTVO IN MATEMATIKA (Interdisciplinary Master’s Study Program COMPUTER SCIENCE AND MATHEMATICS),2025/11/04 2:06:05 pop. GMT +1
Kolikšna je bila cena telefona ob nakupu? (What was the price of the phone when you bought it?),Ne vem / prejel_a sem ga kot darilo (I don’t know / received it as a gift),2025/11/04 2:06:05 pop. GMT +1
Kdaj imate namen telefon zamenjati? (When do you plan to replace your phone?),"Nimam namena ga zamenjati, dokler deluje (I don’t plan to replace it as long as it works)",2025/11/04 2:06:05 pop. GMT +1
Kam ga boste dali po zamenjavi? (What will you do with it after replacement?),Oddal_a v reciklažo / zbirni center (Recycle / take to collection center),2025/11/04 2:06:05 pop. GMT +1
Zakaj ste zamenjali prejšnji telefon? (Why did you replace your previous phone?),Ker je slabo deloval in sem dobila novega za darilo.,2025/11/04 2:06:05 pop. GMT +1
Na kateri fakulteti študirate? (At which faculty do you study?),Fakulteta za matematiko in fiziko (Faculty of Mathematics and Physics),2025/11/04 2:09:27 pop. GMT +1
Kateri študijski program obiskujete? (Which study program are you enrolled in?).2,Univerzitetni študijski program FIZIKA (University Study Program PHYSICS),2025/11/04 2:09:27 pop. GMT +1
Na kateri fakulteti študirate? (At which faculty do you study?),Fakulteta za matematiko in fiziko (Faculty of Mathematics and Physics) UL,2025/11/04 2:17:46 pop. GMT +1
Kateri študijski program obiskujete? (Which study program are you enrolled in?).2,Univerzitetni študijski program FIZIKA (University Study Program PHYSICS),2025/11/04 2:17:46 pop. GMT +1
Kdaj imate namen telefon zamenjati? (When do you plan to replace your phone?),"Nimam namena ga zamenjati, dokler deluje (I don’t plan to replace it as long as it works)",2025/11/04 2:17:46 pop. GMT +1
Kam ga boste dali po zamenjavi? (What will you do with it after replacement?),Oddal_a v reciklažo / zbirni center (Recycle / take to collection center),2025/11/04 2:17:46 pop. GMT +1
Na kateri fakulteti študirate? (At which faculty do you study?),Fakulteta za matematiko in fiziko (Faculty of Mathematics and Physics) UL,2025/11/04 2:24:27 pop. GMT +1
Kateri študijski program obiskujete? (Which study program are you enrolled in?).2,Univerzitetni študijski program MATEMATIKA (University Study Program MATHEMATICS),2025/11/04 2:24:27 pop. GMT +1
Na kateri fakulteti študirate? (At which faculty do you study?),Fakulteta za matematiko in fiziko (Faculty of Mathematics and Physics) UL,2025/11/04 2:29:44 pop. GMT +1
Kateri študijski program obiskujete? (Which study program are you enrolled in?).2,Magistrski študijski program MATEMATIKA (Master’s Study Program MATHEMATICS),2025/11/04 2:29:44 pop. GMT +1
Kdaj imate namen telefon zamenjati? (When do you plan to replace your phone?),"Nimam namena ga zamenjati, dokler deluje (I don’t plan to replace it as long as it works)",2025/11/04 2:29:44 pop. GMT +1
Zakaj ga imate namen zamenjati? (Why do you plan to replace it?),"Upam da zdrži čim dlje, nočem velikega primarnega telefona",2025/11/04 2:29:44 pop. GMT +1
Kam ga boste dali po zamenjavi? (What will you do with it after replacement?),"Kakšna domača naprava, mogoče imessage server ali kamera ipd",2025/11/04 2:29:44 pop. GMT +1
"Dodatne informacije, ki bi jih želeli deliti (npr. zamenjal bom baterijo in telefon še naprej uporabljal, …)
(Additional information you would like to share — e.g., I will replace the battery and continue using the phone)",Najverjetneje bom menjal baterijo preden tega zamenjam,2025/11/04 2:29:44 pop. GMT +1
Na kateri fakulteti študirate? (At which faculty do you study?),"Fakulteta za elektrotehniko, računalništvo in informatiko (Faculty of Electrical Engineering and Computer Science) UM",2025/11/04 2:30:15 pop. GMT +1
Kateri študijski program obiskujete? (Which study program are you enrolled in?).1,Računalništvo in informacijske tehnologije Uni (Computer and Information Technologies),2025/11/04 2:30:15 pop. GMT +1
Kam ga boste dali po zamenjavi? (What will you do with it after replacement?),Obdržal_a ga bom kot rezervni telefon (Keep it as a backup phone),2025/11/04 2:30:15 pop. GMT +1
Kam ste prejšnji telefon dali/odvrgli? (What did you do with your previous phone?),Obdržal_a kot rezervni telefon (Kept it as a backup phone),2025/11/04 2:30:15 pop. GMT +1
Na kateri fakulteti študirate? (At which faculty do you study?),Fakulteta za matematiko in fiziko (Faculty of Mathematics and Physics) UL,2025/11/04 2:33:12 pop. GMT +1
Kateri študijski program obiskujete? (Which study program are you enrolled in?).2,Univerzitetni študijski program FIZIKA (University Study Program PHYSICS),2025/11/04 2:33:12 pop. GMT +1
Zakaj ga imate namen zamenjati? (Why do you plan to replace it?),"Slaba baterija, nedelujoč zvočnik, počasno delovanje, napaka pri polnjenju",2025/11/04 2:33:12 pop. GMT +1
"Dodatne informacije, ki bi jih želeli deliti (npr. zamenjal bom baterijo in telefon še naprej uporabljal, …)
(Additional information you would like to share — e.g., I will replace the battery and continue using the phone)","Naročil sem novo baterijo za telefon, tako da jo bom zamenjal kot zadnje upanje za telefon:)",2025/11/04 2:33:12 pop. GMT +1
Na kateri fakulteti študirate? (At which faculty do you study?),Fakulteta za matematiko in fiziko (Faculty of Mathematics and Physics) UL,2025/11/04 2:40:23 pop. GMT +1
Kateri študijski program obiskujete? (Which study program are you enrolled in?).2,Visokošolski strokovni študijski program APLIKATIVNA FIZIKA (prej Fizikalna merilna tehnika) (Higher Professional Study Program APPLIED PHYSICS (formerly Physical Measurement Technology)),2025/11/04 2:40:23 pop. GMT +1
Kdaj imate namen telefon zamenjati? (When do you plan to replace your phone?),"Nimam namena ga zamenjati, dokler deluje (I don’t plan to replace it as long as it works)",2025/11/04 2:40:23 pop. GMT +1
Zakaj ga imate namen zamenjati? (Why do you plan to replace it?),Počasno delovanje / zastarelost (Slow or outdated performance),2025/11/04 2:40:23 pop. GMT +1
Kam ste prejšnji telefon dali/odvrgli? (What did you do with your previous phone?),Obdržal_a kot rezervni telefon (Kept it as a backup phone),2025/11/04 2:40:23 pop. GMT +1
Na kateri fakulteti študirate? (At which faculty do you study?),Fakulteta za matematiko in fiziko (Faculty of Mathematics and Physics) UL,2025/11/04 2:46:57 pop. GMT +1
Kateri študijski program obiskujete? (Which study program are you enrolled in?).2,Univerzitetni študijski program FIZIKA (University Study Program PHYSICS),2025/11/04 2:46:57 pop. GMT +1
Kdaj imate namen telefon zamenjati? (When do you plan to replace your phone?),"Nimam namena ga zamenjati, dokler deluje (I don’t plan to replace it as long as it works)",2025/11/04 2:46:57 pop. GMT +1
Kam ga boste dali po zamenjavi? (What will you do with it after replacement?),Obdržal_a ga bom kot rezervni telefon (Keep it as a backup phone),2025/11/04 2:46:57 pop. GMT +1
Na kateri fakulteti študirate? (At which faculty do you study?),"Fakulteta za elektrotehniko, računalništvo in informatiko (Faculty of Electrical Engineering and Computer Science) UM",2025/11/04 2:51:01 pop. GMT +1
Kateri študijski program obiskujete? (Which study program are you enrolled in?).1,Računalništvo in informacijske tehnologije Mag (Computer and Information Technologies),2025/11/04 2:51:01 pop. GMT +1
Kolikšna je bila cena telefona ob nakupu? (What was the price of the phone when you bought it?),Ne vem / prejel_a sem ga kot darilo (I don’t know / received it as a gift),2025/11/04 2:51:01 pop. GMT +1
Kdaj imate namen telefon zamenjati? (When do you plan to replace your phone?),"Nimam namena ga zamenjati, dokler deluje (I don’t plan to replace it as long as it works)",2025/11/04 2:51:01 pop. GMT +1
Kam ste prejšnji telefon dali/odvrgli? (What did you do with your previous phone?),Obdržal_a kot rezervni telefon (Kept it as a backup phone),2025/11/04 2:51:01 pop. GMT +1
Na kateri fakulteti študirate? (At which faculty do you study?),"Fakulteta za elektrotehniko, računalništvo in informatiko (Faculty of Electrical Engineering and Computer Science) UM",2025/11/04 2:53:58 pop. GMT +1
Kateri študijski program obiskujete? (Which study program are you enrolled in?).1,Računalništvo in informacijske tehnologije Mag (Computer and Information Technologies),2025/11/04 2:53:58 pop. GMT +1
Kam ga boste dali po zamenjavi? (What will you do with it after replacement?),Podaril_a družinskemu članu / prijatelju (Give it to a family member/friend),2025/11/04 2:53:58 pop. GMT +1
Zakaj ste zamenjali prejšnji telefon? (Why did you replace your previous phone?),Prejšnji telefon ni bil dovolj zmogljiv in ponujal željenih funkcionalnosti,2025/11/04 2:53:58 pop. GMT +1
Na kateri fakulteti študirate? (At which faculty do you study?),Fakulteta za matematiko in fiziko (Faculty of Mathematics and Physics) UL,2025/11/04 3:04:02 pop. GMT +1
Kateri študijski program obiskujete? (Which study program are you enrolled in?).2,Univerzitetni študijski program FIZIKA (University Study Program PHYSICS),2025/11/04 3:04:02 pop. GMT +1
Kdaj imate namen telefon zamenjati? (When do you plan to replace your phone?),"Nimam namena ga zamenjati, dokler deluje (I don’t plan to replace it as long as it works)",2025/11/04 3:04:02 pop. GMT +1
Kam ste prejšnji telefon dali/odvrgli? (What did you do with your previous phone?),Obdržal_a kot rezervni telefon (Kept it as a backup phone),2025/11/04 3:04:02 pop. GMT +1
Na kateri fakulteti študirate? (At which faculty do you study?),Fakulteta za matematiko in fiziko (Faculty of Mathematics and Physics) UL,2025/11/04 3:04:31 pop. GMT +1
Kateri študijski program obiskujete? (Which study program are you enrolled in?).2,Magistrski študijski program MATEMATIKA (Master’s Study Program MATHEMATICS),2025/11/04 3:04:31 pop. GMT +1
Kdaj imate namen telefon zamenjati? (When do you plan to replace your phone?),"Nimam namena ga zamenjati, dokler deluje (I don’t plan to replace it as long as it works)",2025/11/04 3:04:31 pop. GMT +1
Zakaj ga imate namen zamenjati? (Why do you plan to replace it?),Počasno delovanje / zastarelost (Slow or outdated performance),2025/11/04 3:04:31 pop. GMT +1
Kam ga boste dali po zamenjavi? (What will you do with it after replacement?),Obdržal_a ga bom kot rezervni telefon (Keep it as a backup phone),2025/11/04 3:04:31 pop. GMT +1
Kam ste prejšnji telefon dali/odvrgli? (What did you do with your previous phone?),Obdržal_a kot rezervni telefon (Kept it as a backup phone),2025/11/04 3:04:31 pop. GMT +1
Na kateri fakulteti študirate? (At which faculty do you study?),Fakulteta za matematiko in fiziko (Faculty of Mathematics and Physics) UL,2025/11/04 3:05:47 pop. GMT +1
Kateri študijski program obiskujete? (Which study program are you enrolled in?).2,Univerzitetni študijski program FIZIKA (University Study Program PHYSICS),2025/11/04 3:05:47 pop. GMT +1
Kolikšna je bila cena telefona ob nakupu? (What was the price of the phone when you bought it?),Ne vem / prejel_a sem ga kot darilo (I don’t know / received it as a gift),2025/11/04 3:05:47 pop. GMT +1
Kdaj imate namen telefon zamenjati? (When do you plan to replace your phone?),"Nimam namena ga zamenjati, dokler deluje (I don’t plan to replace it as long as it works)",2025/11/04 3:05:47 pop. GMT +1
Kam ste prejšnji telefon dali/odvrgli? (What did you do with your previous phone?),Obdržal_a kot rezervni telefon (Kept it as a backup phone),2025/11/04 3:05:47 pop. GMT +1
Na kateri fakulteti študirate? (At which faculty do you study?),Fakulteta za matematiko in fiziko (Faculty of Mathematics and Physics) UL,2025/11/04 3:11:01 pop. GMT +1
Kateri študijski program obiskujete? (Which study program are you enrolled in?).2,Univerzitetni študijski program FIZIKA (University Study Program PHYSICS),2025/11/04 3:11:01 pop. GMT +1
Kam ga boste dali po zamenjavi? (What will you do with it after replacement?),Podaril_a družinskemu članu / prijatelju (Give it to a family member/friend),2025/11/04 3:11:01 pop. GMT +1
Kam ste prejšnji telefon dali/odvrgli? (What did you do with your previous phone?),Obdržal_a kot rezervni telefon (Kept it as a backup phone),2025/11/04 3:11:01 pop. GMT +1
Na kateri fakulteti študirate? (At which faculty do you study?),Fakulteta za matematiko in fiziko (Faculty of Mathematics and Physics) UL,2025/11/04 3:12:11 pop. GMT +1
Kateri študijski program obiskujete? (Which study program are you enrolled in?).2,Univerzitetni študijski program FIZIKA (University Study Program PHYSICS),2025/11/04 3:12:11 pop. GMT +1
Kdaj imate namen telefon zamenjati? (When do you plan to replace your phone?),"Nimam namena ga zamenjati, dokler deluje (I don’t plan to replace it as long as it works)",2025/11/04 3:12:11 pop. GMT +1
Zakaj ga imate namen zamenjati? (Why do you plan to replace it?),Počasno delovanje / zastarelost (Slow or outdated performance),2025/11/04 3:12:11 pop. GMT +1
Kam ga boste dali po zamenjavi? (What will you do with it after replacement?),Obdržal_a ga bom kot rezervni telefon (Keep it as a backup phone),2025/11/04 3:12:11 pop. GMT +1
Kam ste prejšnji telefon dali/odvrgli? (What did you do with your previous phone?),Obdržal_a kot rezervni telefon (Kept it as a backup phone),2025/11/04 3:12:11 pop. GMT +1
Na kateri fakulteti študirate? (At which faculty do you study?),Fakulteta za matematiko in fiziko (Faculty of Mathematics and Physics) UL,2025/11/04 3:13:01 pop. GMT +1
Kateri študijski program obiskujete? (Which study program are you enrolled in?).2,Univerzitetni študijski program FIZIKA (University Study Program PHYSICS),2025/11/04 3:13:01 pop. GMT +1
Kolikšna je bila cena telefona ob nakupu? (What was the price of the phone when you bought it?),Ne vem / prejel_a sem ga kot darilo (I don’t know / received it as a gift),2025/11/04 3:13:01 pop. GMT +1
Kdaj imate namen telefon zamenjati? (When do you plan to replace your phone?),"Nimam namena ga zamenjati, dokler deluje (I don’t plan to replace it as long as it works)",2025/11/04 3:13:01 pop. GMT +1
Zakaj ga imate namen zamenjati? (Why do you plan to replace it?),Počasno delovanje / zastarelost (Slow or outdated performance),2025/11/04 3:13:01 pop. GMT +1
Kam ga boste dali po zamenjavi? (What will you do with it after replacement?),Obdržal_a ga bom kot rezervni telefon (Keep it as a backup phone),2025/11/04 3:13:01 pop. GMT +1
Kam ste prejšnji telefon dali/odvrgli? (What did you do with your previous phone?),Obdržal_a kot rezervni telefon (Kept it as a backup phone),2025/11/04 3:13:01 pop. GMT +1
Na kateri fakulteti študirate? (At which faculty do you study?),"Fakulteta za elektrotehniko, računalništvo in informatiko (Faculty of Electrical Engineering and Computer Science) UM",2025/11/04 3:15:14 pop. GMT +1
Kateri študijski program obiskujete? (Which study program are you enrolled in?).1,Računalništvo in informacijske tehnologije Uni (Computer and Information Technologies),2025/11/04 3:15:14 pop. GMT +1
Kdaj imate namen telefon zamenjati? (When do you plan to replace your phone?),"Nimam namena ga zamenjati, dokler deluje (I don’t plan to replace it as long as it works)",2025/11/04 3:15:14 pop. GMT +1
Zakaj ga imate namen zamenjati? (Why do you plan to replace it?),Počasno delovanje / zastarelost (Slow or outdated performance),2025/11/04 3:15:14 pop. GMT +1
Kam ga boste dali po zamenjavi? (What will you do with it after replacement?),Podaril_a družinskemu članu / prijatelju (Give it to a family member/friend),2025/11/04 3:15:14 pop. GMT +1
Kam ste prejšnji telefon dali/odvrgli? (What did you do with your previous phone?),Obdržal_a kot rezervni telefon (Kept it as a backup phone),2025/11/04 3:15:14 pop. GMT +1
Na kateri fakulteti študirate? (At which faculty do you study?),Fakulteta za matematiko in fiziko (Faculty of Mathematics and Physics) UL,2025/11/04 3:58:16 pop. GMT +1
Kateri študijski program obiskujete? (Which study program are you enrolled in?).2,Univerzitetni študijski program FIZIKA (University Study Program PHYSICS),2025/11/04 3:58:16 pop. GMT +1
Kdaj imate namen telefon zamenjati? (When do you plan to replace your phone?),"Nimam namena ga zamenjati, dokler deluje (I don’t plan to replace it as long as it works)",2025/11/04 3:58:16 pop. GMT +1
Zakaj ga imate namen zamenjati? (Why do you plan to replace it?),Počasno delovanje / zastarelost (Slow or outdated performance),2025/11/04 3:58:16 pop. GMT +1
Na kateri fakulteti študirate? (At which faculty do you study?),"Fakulteta za elektrotehniko, računalništvo in informatiko (Faculty of Electrical Engineering and Computer Science) UM",2025/11/04 4:03:03 pop. GMT +1
Kateri študijski program obiskujete? (Which study program are you enrolled in?).1,Računalništvo in informacijske tehnologije Mag (Computer and Information Technologies),2025/11/04 4:03:03 pop. GMT +1
Kam ga boste dali po zamenjavi? (What will you do with it after replacement?),Obdržal_a ga bom kot rezervni telefon (Keep it as a backup phone),2025/11/04 4:03:03 pop. GMT +1
Kam ste prejšnji telefon dali/odvrgli? (What did you do with your previous phone?),Obdržal_a kot rezervni telefon (Kept it as a backup phone),2025/11/04 4:03:03 pop. GMT +1
Na kateri fakulteti študirate? (At which faculty do you study?),"Fakulteta za elektrotehniko, računalništvo in informatiko (Faculty of Electrical Engineering and Computer Science) UM",2025/11/04 4:03:50 pop. GMT +1
Kateri študijski program obiskujete? (Which study program are you enrolled in?).1,Računalništvo in informacijske tehnologije Mag (Computer and Information Technologies),2025/11/04 4:03:50 pop. GMT +1
Zakaj ga imate namen zamenjati? (Why do you plan to replace it?),Počasno delovanje / zastarelost (Slow or outdated performance),2025/11/04 4:03:50 pop. GMT +1
Kam ga boste dali po zamenjavi? (What will you do with it after replacement?),Podaril_a družinskemu članu / prijatelju (Give it to a family member/friend),2025/11/04 4:03:50 pop. GMT +1
Na kateri fakulteti študirate? (At which faculty do you study?),"Fakulteta za elektrotehniko, računalništvo in informatiko (Faculty of Electrical Engineering and Computer Science) UM",2025/11/04 4:15:21 pop. GMT +1
Kateri študijski program obiskujete? (Which study program are you enrolled in?).1,Računalništvo in informacijske tehnologije Uni (Computer and Information Technologies),2025/11/04 4:15:21 pop. GMT +1
Zakaj ga imate namen zamenjati? (Why do you plan to replace it?),Počasno delovanje / zastarelost (Slow or outdated performance),2025/11/04 4:15:21 pop. GMT +1
Kam ste prejšnji telefon dali/odvrgli? (What did you do with your previous phone?),Obdržal_a kot rezervni telefon (Kept it as a backup phone),2025/11/04 4:15:21 pop. GMT +1
Na kateri fakulteti študirate? (At which faculty do you study?),"Fakulteta za elektrotehniko, računalništvo in informatiko (Faculty of Electrical Engineering and Computer Science) UM",2025/11/04 4:15:23 pop. GMT +1
Kateri študijski program obiskujete? (Which study program are you enrolled in?).1,Računalništvo in informacijske tehnologije Vsš (Computer and Information Technologies),2025/11/04 4:15:23 pop. GMT +1
Kdaj imate namen telefon zamenjati? (When do you plan to replace your phone?),"Nimam namena ga zamenjati, dokler deluje (I don’t plan to replace it as long as it works)",2025/11/04 4:15:23 pop. GMT +1
Na kateri fakulteti študirate? (At which faculty do you study?),Fakulteta za računalništvo in informatiko (Faculty of Computer and Information Science) UL,2025/11/04 4:18:38 pop. GMT +1
Kateri študijski program obiskujete? (Which study program are you enrolled in?).3,"Računalništvo in matematika, interdisciplinarni magistrski program (Computer Science and Mathematics, interdisciplinary master’s program)",2025/11/04 4:18:38 pop. GMT +1
Kolikšna je bila cena telefona ob nakupu? (What was the price of the phone when you bought it?),Ne vem / prejel_a sem ga kot darilo (I don’t know / received it as a gift),2025/11/04 4:18:38 pop. GMT +1
Kdaj imate namen telefon zamenjati? (When do you plan to replace your phone?),"Nimam namena ga zamenjati, dokler deluje (I don’t plan to replace it as long as it works)",2025/11/04 4:18:38 pop. GMT +1
Zakaj ga imate namen zamenjati? (Why do you plan to replace it?),Počasno delovanje / zastarelost (Slow or outdated performance),2025/11/04 4:18:38 pop. GMT +1
Kam ste prejšnji telefon dali/odvrgli? (What did you do with your previous phone?),Obdržal_a kot rezervni telefon (Kept it as a backup phone),2025/11/04 4:18:38 pop. GMT +1
Na kateri fakulteti študirate? (At which faculty do you study?),Fakulteta za matematiko in fiziko (Faculty of Mathematics and Physics) UL,2025/11/04 4:42:54 pop. GMT +1
Kateri študijski program obiskujete? (Which study program are you enrolled in?).2,Univerzitetni študijski program FIZIKA (University Study Program PHYSICS),2025/11/04 4:42:54 pop. GMT +1
Kdaj imate namen telefon zamenjati? (When do you plan to replace your phone?),"Nimam namena ga zamenjati, dokler deluje (I don’t plan to replace it as long as it works)",2025/11/04 4:42:54 pop. GMT +1
Kam ga boste dali po zamenjavi? (What will you do with it after replacement?),Oddal_a v reciklažo / zbirni center (Recycle / take to collection center),2025/11/04 4:42:54 pop. GMT +1
Kam ste prejšnji telefon dali/odvrgli? (What did you do with your previous phone?),Obdržal_a kot rezervni telefon (Kept it as a backup phone),2025/11/04 4:42:54 pop. GMT +1
Na kateri fakulteti študirate? (At which faculty do you study?),Fakulteta za matematiko in fiziko (Faculty of Mathematics and Physics) UL,2025/11/04 4:49:00 pop. GMT +1
Kateri študijski program obiskujete? (Which study program are you enrolled in?).2,Univerzitetni študijski program FIZIKA (University Study Program PHYSICS),2025/11/04 4:49:00 pop. GMT +1
Kolikšna je bila cena telefona ob nakupu? (What was the price of the phone when you bought it?),Ne vem / prejel_a sem ga kot darilo (I don’t know / received it as a gift),2025/11/04 4:49:00 pop. GMT +1
Kdaj imate namen telefon zamenjati? (When do you plan to replace your phone?),"Nimam namena ga zamenjati, dokler deluje (I don’t plan to replace it as long as it works)",2025/11/04 4:49:00 pop. GMT +1
Na kateri fakulteti študirate? (At which faculty do you study?),Fakulteta za matematiko in fiziko (Faculty of Mathematics and Physics) UL,2025/11/04 4:54:34 pop. GMT +1
Kateri študijski program obiskujete? (Which study program are you enrolled in?).2,Univerzitetni študijski program FIZIKA (University Study Program PHYSICS),2025/11/04 4:54:34 pop. GMT +1
Kolikšna je bila cena telefona ob nakupu? (What was the price of the phone when you bought it?),Ne vem / prejel_a sem ga kot darilo (I don’t know / received it as a gift),2025/11/04 4:54:34 pop. GMT +1
Kdaj imate namen telefon zamenjati? (When do you plan to replace your phone?),"Nimam namena ga zamenjati, dokler deluje (I don’t plan to replace it as long as it works)",2025/11/04 4:54:34 pop. GMT +1
Zakaj ga imate namen zamenjati? (Why do you plan to replace it?),Počasno delovanje / zastarelost (Slow or outdated performance),2025/11/04 4:54:34 pop. GMT +1
Kam ga boste dali po zamenjavi? (What will you do with it after replacement?),Obdržal_a ga bom kot rezervni telefon (Keep it as a backup phone),2025/11/04 4:54:34 pop. GMT +1
Kam ste prejšnji telefon dali/odvrgli? (What did you do with your previous phone?),Obdržal_a kot rezervni telefon (Kept it as a backup phone),2025/11/04 4:54:34 pop. GMT +1
Na kateri fakulteti študirate? (At which faculty do you study?),Fakulteta za matematiko in fiziko (Faculty of Mathematics and Physics) UL,2025/11/04 5:16:02 pop. GMT +1
Kateri študijski program obiskujete? (Which study program are you enrolled in?).2,Univerzitetni študijski program FIZIKA (University Study Program PHYSICS),2025/11/04 5:16:02 pop. GMT +1
Kdaj imate namen telefon zamenjati? (When do you plan to replace your phone?),"Nimam namena ga zamenjati, dokler deluje (I don’t plan to replace it as long as it works)",2025/11/04 5:16:02 pop. GMT +1
Zakaj ga imate namen zamenjati? (Why do you plan to replace it?),Počasno delovanje / zastarelost (Slow or outdated performance),2025/11/04 5:16:02 pop. GMT +1
Kam ga boste dali po zamenjavi? (What will you do with it after replacement?),Obdržal_a ga bom kot rezervni telefon (Keep it as a backup phone),2025/11/04 5:16:02 pop. GMT +1
Kam ste prejšnji telefon dali/odvrgli? (What did you do with your previous phone?),Obdržal_a kot rezervni telefon (Kept it as a backup phone),2025/11/04 5:16:02 pop. GMT +1
Na kateri fakulteti študirate? (At which faculty do you study?),Fakulteta za matematiko in fiziko (Faculty of Mathematics and Physics) UL,2025/11/04 5:35:57 pop. GMT +1
Kateri študijski program obiskujete? (Which study program are you enrolled in?).2,Univerzitetni študijski program FIZIKA (University Study Program PHYSICS),2025/11/04 5:35:57 pop. GMT +1
Kolikšna je bila cena telefona ob nakupu? (What was the price of the phone when you bought it?),Ne vem / prejel_a sem ga kot darilo (I don’t know / received it as a gift),2025/11/04 5:35:57 pop. GMT +1
Kdaj imate namen telefon zamenjati? (When do you plan to replace your phone?),"Nimam namena ga zamenjati, dokler deluje (I don’t plan to replace it as long as it works)",2025/11/04 5:35:57 pop. GMT +1
Kam ga boste dali po zamenjavi? (What will you do with it after replacement?),Obdržal_a ga bom kot rezervni telefon (Keep it as a backup phone),2025/11/04 5:35:57 pop. GMT +1
Na kateri fakulteti študirate? (At which faculty do you study?),Fakulteta za matematiko in fiziko (Faculty of Mathematics and Physics) UL,2025/11/04 5:43:45 pop. GMT +1
Kateri študijski program obiskujete? (Which study program are you enrolled in?).2,Magistrski študijski program FIZIKA (Master’s Study Program PHYSICS),2025/11/04 5:43:45 pop. GMT +1
Kdaj imate namen telefon zamenjati? (When do you plan to replace your phone?),"Nimam namena ga zamenjati, dokler deluje (I don’t plan to replace it as long as it works)",2025/11/04 5:43:45 pop. GMT +1
Zakaj ga imate namen zamenjati? (Why do you plan to replace it?),Počasno delovanje / zastarelost (Slow or outdated performance),2025/11/04 5:43:45 pop. GMT +1
Kam ga boste dali po zamenjavi? (What will you do with it after replacement?),Obdržal_a ga bom kot rezervni telefon (Keep it as a backup phone),2025/11/04 5:43:45 pop. GMT +1
Kam ste prejšnji telefon dali/odvrgli? (What did you do with your previous phone?),Obdržal_a kot rezervni telefon (Kept it as a backup phone),2025/11/04 5:43:45 pop. GMT +1
Na kateri fakulteti študirate? (At which faculty do you study?),Fakulteta za matematiko in fiziko (Faculty of Mathematics and Physics) UL,2025/11/04 5:57:36 pop. GMT +1
Kateri študijski program obiskujete? (Which study program are you enrolled in?).2,Univerzitetni študijski program FIZIKA (University Study Program PHYSICS),2025/11/04 5:57:36 pop. GMT +1
Kdaj imate namen telefon zamenjati? (When do you plan to replace your phone?),"Nimam namena ga zamenjati, dokler deluje (I don’t plan to replace it as long as it works)",2025/11/04 5:57:36 pop. GMT +1
Kam ga boste dali po zamenjavi? (What will you do with it after replacement?),Obdržal_a ga bom kot rezervni telefon (Keep it as a backup phone),2025/11/04 5:57:36 pop. GMT +1
Kam ste prejšnji telefon dali/odvrgli? (What did you do with your previous phone?),Obdržal_a kot rezervni telefon (Kept it as a backup phone),2025/11/04 5:57:36 pop. GMT +1
Na kateri fakulteti študirate? (At which faculty do you study?),Fakulteta za elektrotehniko (Faculty of Electrical Engineering) UL,2025/11/04 6:17:05 pop. GMT +1
Kateri študijski program obiskujete? (Which study program are you enrolled in?),"Elektrotehnika Uni (Electrical Engineering, University)",2025/11/04 6:17:05 pop. GMT +1
Zakaj ga imate namen zamenjati? (Why do you plan to replace it?),Počasno delovanje / zastarelost (Slow or outdated performance),2025/11/04 6:17:05 pop. GMT +1
Kam ga boste dali po zamenjavi? (What will you do with it after replacement?),Obdržal_a ga bom kot rezervni telefon (Keep it as a backup phone),2025/11/04 6:17:05 pop. GMT +1
Kam ste prejšnji telefon dali/odvrgli? (What did you do with your previous phone?),Obdržal_a kot rezervni telefon (Kept it as a backup phone),2025/11/04 6:17:05 pop. GMT +1
Na kateri fakulteti študirate? (At which faculty do you study?),Fakulteta za računalništvo in informatiko (Faculty of Computer and Information Science) UL,2025/11/04 6:17:15 pop. GMT +1
Kateri študijski program obiskujete? (Which study program are you enrolled in?).3,"Multimedija, interdisciplinarni magistrski program (Multimedia, interdisciplinary master’s program)",2025/11/04 6:17:15 pop. GMT +1
Kolikšna je bila cena telefona ob nakupu? (What was the price of the phone when you bought it?),Ne vem / prejel_a sem ga kot darilo (I don’t know / received it as a gift),2025/11/04 6:17:15 pop. GMT +1
Kam ga boste dali po zamenjavi? (What will you do with it after replacement?),Podaril_a družinskemu članu / prijatelju (Give it to a family member/friend),2025/11/04 6:17:15 pop. GMT +1
"Dodatne informacije, ki bi jih želeli deliti (npr. zamenjal bom baterijo in telefon še naprej uporabljal, …)
(Additional information you would like to share — e.g., I will replace the battery and continue using the phone)",Prejšnji telefon je odslužil svoje (5 let in je bil že slab za uporabo),2025/11/04 6:17:15 pop. GMT +1
Na kateri fakulteti študirate? (At which faculty do you study?),Fakulteta za matematiko in fiziko (Faculty of Mathematics and Physics) UL,2025/11/04 6:18:18 pop. GMT +1
Kateri študijski program obiskujete? (Which study program are you enrolled in?).2,Interdisciplinarni magistrski študijski program RAČUNALNIŠTVO IN MATEMATIKA (Interdisciplinary Master’s Study Program COMPUTER SCIENCE AND MATHEMATICS),2025/11/04 6:18:18 pop. GMT +1
Kdaj imate namen telefon zamenjati? (When do you plan to replace your phone?),"Nimam namena ga zamenjati, dokler deluje (I don’t plan to replace it as long as it works)",2025/11/04 6:18:18 pop. GMT +1
Kam ga boste dali po zamenjavi? (What will you do with it after replacement?),Obdržal_a ga bom kot rezervni telefon (Keep it as a backup phone),2025/11/04 6:18:18 pop. GMT +1
Na kateri fakulteti študirate? (At which faculty do you study?),Fakulteta za računalništvo in informatiko (Faculty of Computer and Information Science) UL,2025/11/04 6:20:05 pop. GMT +1
Kateri študijski program obiskujete? (Which study program are you enrolled in?).3,"Računalništvo in informatika, magistrski program (Computer Science and Informatics, master’s program)",2025/11/04 6:20:05 pop. GMT +1
Kdaj imate namen telefon zamenjati? (When do you plan to replace your phone?),"Nimam namena ga zamenjati, dokler deluje (I don’t plan to replace it as long as it works)",2025/11/04 6:20:05 pop. GMT +1
Zakaj ga imate namen zamenjati? (Why do you plan to replace it?),Počasno delovanje / zastarelost (Slow or outdated performance),2025/11/04 6:20:05 pop. GMT +1
Kam ga boste dali po zamenjavi? (What will you do with it after replacement?),Obdržal_a ga bom kot rezervni telefon (Keep it as a backup phone),2025/11/04 6:20:05 pop. GMT +1
Kam ste prejšnji telefon dali/odvrgli? (What did you do with your previous phone?),Obdržal_a kot rezervni telefon (Kept it as a backup phone),2025/11/04 6:20:05 pop. GMT +1
Na kateri fakulteti študirate? (At which faculty do you study?),Fakulteta za računalništvo in informatiko (Faculty of Computer and Information Science) UL,2025/11/04 6:20:31 pop. GMT +1
Kateri študijski program obiskujete? (Which study program are you enrolled in?).3,"Računalništvo in informatika, magistrski program (Computer Science and Informatics, master’s program)",2025/11/04 6:20:31 pop. GMT +1
Kdaj imate namen telefon zamenjati? (When do you plan to replace your phone?),"Nimam namena ga zamenjati, dokler deluje (I don’t plan to replace it as long as it works)",2025/11/04 6:20:31 pop. GMT +1
Na kateri fakulteti študirate? (At which faculty do you study?),Fakulteta za elektrotehniko (Faculty of Electrical Engineering) UL,2025/11/04 6:24:44 pop. GMT +1
Kateri študijski program obiskujete? (Which study program are you enrolled in?),"Elektrotehnika Uni (Electrical Engineering, University)",2025/11/04 6:24:44 pop. GMT +1
Zakaj ga imate namen zamenjati? (Why do you plan to replace it?),Počasno delovanje / zastarelost (Slow or outdated performance),2025/11/04 6:24:44 pop. GMT +1
Kam ga boste dali po zamenjavi? (What will you do with it after replacement?),Obdržal_a ga bom kot rezervni telefon (Keep it as a backup phone),2025/11/04 6:24:44 pop. GMT +1
Na kateri fakulteti študirate? (At which faculty do you study?),Fakulteta za računalništvo in informatiko (Faculty of Computer and Information Science) UL,2025/11/04 6:25:17 pop. GMT +1
Kateri študijski program obiskujete? (Which study program are you enrolled in?).3,"Računalništvo in informatika, magistrski program (Computer Science and Informatics, master’s program)",2025/11/04 6:25:17 pop. GMT +1
Kdaj imate namen telefon zamenjati? (When do you plan to replace your phone?),"Nimam namena ga zamenjati, dokler deluje (I don’t plan to replace it as long as it works)",2025/11/04 6:25:17 pop. GMT +1
Kam ga boste dali po zamenjavi? (What will you do with it after replacement?),Obdržal_a ga bom kot rezervni telefon (Keep it as a backup phone),2025/11/04 6:25:17 pop. GMT +1
Kam ste prejšnji telefon dali/odvrgli? (What did you do with your previous phone?),Obdržal_a kot rezervni telefon (Kept it as a backup phone),2025/11/04 6:25:17 pop. GMT +1
Na kateri fakulteti študirate? (At which faculty do you study?),Fakulteta za elektrotehniko (Faculty of Electrical Engineering) UL,2025/11/04 6:32:23 pop. GMT +1
Kateri študijski program obiskujete? (Which study program are you enrolled in?),"Elektrotehnika Uni (Electrical Engineering, University)",2025/11/04 6:32:23 pop. GMT +1
Zakaj ga imate namen zamenjati? (Why do you plan to replace it?),Počasno delovanje / zastarelost (Slow or outdated performance),2025/11/04 6:32:23 pop. GMT +1
Kam ga boste dali po zamenjavi? (What will you do with it after replacement?),Podaril_a družinskemu članu / prijatelju (Give it to a family member/friend),2025/11/04 6:32:23 pop. GMT +1
Zakaj ste zamenjali prejšnji telefon? (Why did you replace your previous phone?),"Slaba baterija, zelo počasen, premalo spomina, zastarel model, slaba kamera.",2025/11/04 6:32:23 pop. GMT +1
Na kateri fakulteti študirate? (At which faculty do you study?),Fakulteta za računalništvo in informatiko (Faculty of Computer and Information Science) UL,2025/11/04 6:33:25 pop. GMT +1
Kateri študijski program obiskujete? (Which study program are you enrolled in?).3,"Računalništvo in informatika, magistrski program (Computer Science and Informatics, master’s program)",2025/11/04 6:33:25 pop. GMT +1
Kam ga boste dali po zamenjavi? (What will you do with it after replacement?),Obdržal_a ga bom kot rezervni telefon (Keep it as a backup phone),2025/11/04 6:33:25 pop. GMT +1
Kam ste prejšnji telefon dali/odvrgli? (What did you do with your previous phone?),Obdržal_a kot rezervni telefon (Kept it as a backup phone),2025/11/04 6:33:25 pop. GMT +1
Na kateri fakulteti študirate? (At which faculty do you study?),Fakulteta za računalništvo in informatiko (Faculty of Computer and Information Science) UL,2025/11/04 6:37:51 pop. GMT +1
Kateri študijski program obiskujete? (Which study program are you enrolled in?).3,"Računalništvo in informatika, magistrski program (Computer Science and Informatics, master’s program)",2025/11/04 6:37:51 pop. GMT +1
Kdaj imate namen telefon zamenjati? (When do you plan to replace your phone?),"Nimam namena ga zamenjati, dokler deluje (I don’t plan to replace it as long as it works)",2025/11/04 6:37:51 pop. GMT +1
Zakaj ga imate namen zamenjati? (Why do you plan to replace it?),Počasno delovanje / zastarelost (Slow or outdated performance),2025/11/04 6:37:51 pop. GMT +1
Zakaj ste zamenjali prejšnji telefon? (Why did you replace your previous phone?),pokvaril se je zvočnik in sem ga potem čez čas popravil,2025/11/04 6:37:51 pop. GMT +1
Na kateri fakulteti študirate? (At which faculty do you study?),Fakulteta za računalništvo in informatiko (Faculty of Computer and Information Science) UL,2025/11/04 6:40:04 pop. GMT +1
Kateri študijski program obiskujete? (Which study program are you enrolled in?).3,"Računalništvo in informatika, magistrski program (Computer Science and Informatics, master’s program)",2025/11/04 6:40:04 pop. GMT +1
Kolikšna je bila cena telefona ob nakupu? (What was the price of the phone when you bought it?),Ne vem / prejel_a sem ga kot darilo (I don’t know / received it as a gift),2025/11/04 6:40:04 pop. GMT +1
Kdaj imate namen telefon zamenjati? (When do you plan to replace your phone?),"Nimam namena ga zamenjati, dokler deluje (I don’t plan to replace it as long as it works)",2025/11/04 6:40:04 pop. GMT +1
Na kateri fakulteti študirate? (At which faculty do you study?),Fakulteta za računalništvo in informatiko (Faculty of Computer and Information Science) UL,2025/11/04 6:41:16 pop. GMT +1
Kam ga boste dali po zamenjavi? (What will you do with it after replacement?),Obdržal_a ga bom kot rezervni telefon (Keep it as a backup phone),2025/11/04 6:41:16 pop. GMT +1
Na kateri fakulteti študirate? (At which faculty do you study?),"Fakulteta za elektrotehniko, računalništvo in informatiko (Faculty of Electrical Engineering and Computer Science) UM",2025/11/04 6:45:55 pop. GMT +1
Kateri študijski program obiskujete? (Which study program are you enrolled in?).1,Računalništvo in informacijske tehnologije Mag (Computer and Information Technologies),2025/11/04 6:45:55 pop. GMT +1
Kdaj imate namen telefon zamenjati? (When do you plan to replace your phone?),"Nimam namena ga zamenjati, dokler deluje (I don’t plan to replace it as long as it works)",2025/11/04 6:45:55 pop. GMT +1
Zakaj ga imate namen zamenjati? (Why do you plan to replace it?),Počasno delovanje / zastarelost (Slow or outdated performance),2025/11/04 6:45:55 pop. GMT +1
Kam ga boste dali po zamenjavi? (What will you do with it after replacement?),Obdržal_a ga bom kot rezervni telefon (Keep it as a backup phone),2025/11/04 6:45:55 pop. GMT +1
Na kateri fakulteti študirate? (At which faculty do you study?),Fakulteta za računalništvo in informatiko (Faculty of Computer and Information Science) UL,2025/11/04 6:46:54 pop. GMT +1
Kateri študijski program obiskujete? (Which study program are you enrolled in?).3,"Podatkovne vede, smer magistrskega programa (Data Science, master’s program specialization)",2025/11/04 6:46:54 pop. GMT +1
Kam ga boste dali po zamenjavi? (What will you do with it after replacement?),Podaril_a družinskemu članu / prijatelju (Give it to a family member/friend),2025/11/04 6:46:54 pop. GMT +1
"Dodatne informacije, ki bi jih želeli deliti (npr. zamenjal bom baterijo in telefon še naprej uporabljal, …)
(Additional information you would like to share — e.g., I will replace the battery and continue using the phone)","Telefona ne vržem stran dokler deluje, ali ga podarim alj pa prodam, rad pa imam najnovejše modele",2025/11/04 6:46:54 pop. GMT +1
Na kateri fakulteti študirate? (At which faculty do you study?),Fakulteta za računalništvo in informatiko (Faculty of Computer and Information Science) UL,2025/11/04 6:51:19 pop. GMT +1
Kateri študijski program obiskujete? (Which study program are you enrolled in?).3,"Računalništvo in informatika, magistrski program (Computer Science and Informatics, master’s program)",2025/11/04 6:51:19 pop. GMT +1
Kolikšna je bila cena telefona ob nakupu? (What was the price of the phone when you bought it?),Ne vem / prejel_a sem ga kot darilo (I don’t know / received it as a gift),2025/11/04 6:51:19 pop. GMT +1
Kdaj imate namen telefon zamenjati? (When do you plan to replace your phone?),"Nimam namena ga zamenjati, dokler deluje (I don’t plan to replace it as long as it works)",2025/11/04 6:51:19 pop. GMT +1
Na kateri fakulteti študirate? (At which faculty do you study?),"Fakulteta za elektrotehniko, računalništvo in informatiko (Faculty of Electrical Engineering and Computer Science) UM",2025/11/04 6:56:59 pop. GMT +1
Kateri študijski program obiskujete? (Which study program are you enrolled in?).1,Računalništvo in informacijske tehnologije Mag (Computer and Information Technologies),2025/11/04 6:56:59 pop. GMT +1
Kdaj imate namen telefon zamenjati? (When do you plan to replace your phone?),"Nimam namena ga zamenjati, dokler deluje (I don’t plan to replace it as long as it works)",2025/11/04 6:56:59 pop. GMT +1
Kam ga boste dali po zamenjavi? (What will you do with it after replacement?),Obdržal_a ga bom kot rezervni telefon (Keep it as a backup phone),2025/11/04 6:56:59 pop. GMT +1
Na kateri fakulteti študirate? (At which faculty do you study?),Fakulteta za računalništvo in informatiko (Faculty of Computer and Information Science) UL,2025/11/04 6:57:42 pop. GMT +1
Kateri študijski program obiskujete? (Which study program are you enrolled in?).3,"Podatkovne vede, smer magistrskega programa (Data Science, master’s program specialization)",2025/11/04 6:57:42 pop. GMT +1
Kam ga boste dali po zamenjavi? (What will you do with it after replacement?),Podaril_a družinskemu članu / prijatelju (Give it to a family member/friend),2025/11/04 6:57:42 pop. GMT +1
"Dodatne informacije, ki bi jih želeli deliti (npr. zamenjal bom baterijo in telefon še naprej uporabljal, …)
(Additional information you would like to share — e.g., I will replace the battery and continue using the phone)","Telefon je bil kupljen pri operaterju in je bil deležen popusta, zato je cen nižja. Po potrebi pri telefonih zamenjam baterijo, polomljen zaslon itd če je to cenovno smotrno in so deli še dostopni. Prejšnjega sem moral menjati ker je bila škoda prevelika.",2025/11/04 6:57:42 pop. GMT +1
Na kateri fakulteti študirate? (At which faculty do you study?),Fakulteta za računalništvo in informatiko (Faculty of Computer and Information Science) UL,2025/11/04 6:59:32 pop. GMT +1
Kateri študijski program obiskujete? (Which study program are you enrolled in?).3,"Računalništvo in informatika, magistrski program (Computer Science and Informatics, master’s program)",2025/11/04 6:59:32 pop. GMT +1
Kam ga boste dali po zamenjavi? (What will you do with it after replacement?),Obdržal_a ga bom kot rezervni telefon (Keep it as a backup phone),2025/11/04 6:59:32 pop. GMT +1
"Dodatne informacije, ki bi jih želeli deliti (npr. zamenjal bom baterijo in telefon še naprej uporabljal, …)
(Additional information you would like to share — e.g., I will replace the battery and continue using the phone)","MA JS SEM MISLU DA JE TO ANKETA KOLK UR VRŽEMO STRAN NA FONU, CLICKBAIT TITLE, ANKETA NE VSEBUJE NOBENEGA VPRAŠANJA O UPORABI TELEFONA
Ampak vseeno vredu anketa :)",2025/11/04 6:59:32 pop. GMT +1
Na kateri fakulteti študirate? (At which faculty do you study?),Fakulteta za matematiko in fiziko (Faculty of Mathematics and Physics) UL,2025/11/04 7:08:26 pop. GMT +1
Kateri študijski program obiskujete? (Which study program are you enrolled in?).2,Univerzitetni študijski program FIZIKA (University Study Program PHYSICS),2025/11/04 7:08:26 pop. GMT +1
Kdaj imate namen telefon zamenjati? (When do you plan to replace your phone?),"Nimam namena ga zamenjati, dokler deluje (I don’t plan to replace it as long as it works)",2025/11/04 7:08:26 pop. GMT +1
Zakaj ga imate namen zamenjati? (Why do you plan to replace it?),Počasno delovanje / zastarelost (Slow or outdated performance),2025/11/04 7:08:26 pop. GMT +1
Kam ga boste dali po zamenjavi? (What will you do with it after replacement?),Podaril_a družinskemu članu / prijatelju (Give it to a family member/friend),2025/11/04 7:08:26 pop. GMT +1
Na kateri fakulteti študirate? (At which faculty do you study?),Fakulteta za računalništvo in informatiko (Faculty of Computer and Information Science) UL,2025/11/04 7:09:45 pop. GMT +1
Kateri študijski program obiskujete? (Which study program are you enrolled in?).3,"Računalništvo in informatika, magistrski program (Computer Science and Informatics, master’s program)",2025/11/04 7:09:45 pop. GMT +1
Kdaj imate namen telefon zamenjati? (When do you plan to replace your phone?),"Nimam namena ga zamenjati, dokler deluje (I don’t plan to replace it as long as it works)",2025/11/04 7:09:45 pop. GMT +1
Zakaj ga imate namen zamenjati? (Why do you plan to replace it?),Počasno delovanje / zastarelost (Slow or outdated performance),2025/11/04 7:09:45 pop. GMT +1
Kam ga boste dali po zamenjavi? (What will you do with it after replacement?),Obdržal_a ga bom kot rezervni telefon (Keep it as a backup phone),2025/11/04 7:09:45 pop. GMT +1
Kam ste prejšnji telefon dali/odvrgli? (What did you do with your previous phone?),Obdržal_a kot rezervni telefon (Kept it as a backup phone),2025/11/04 7:09:45 pop. GMT +1
Na kateri fakulteti študirate? (At which faculty do you study?),Fakulteta za matematiko in fiziko (Faculty of Mathematics and Physics) UL,2025/11/04 7:29:29 pop. GMT +1
Kateri študijski program obiskujete? (Which study program are you enrolled in?).2,Univerzitetni študijski program MATEMATIKA (University Study Program MATHEMATICS),2025/11/04 7:29:29 pop. GMT +1
Zakaj ga imate namen zamenjati? (Why do you plan to replace it?),Počasno delovanje / zastarelost (Slow or outdated performance),2025/11/04 7:29:29 pop. GMT +1
Kam ga boste dali po zamenjavi? (What will you do with it after replacement?),Obdržal_a ga bom kot rezervni telefon (Keep it as a backup phone),2025/11/04 7:29:29 pop. GMT +1
Kam ste prejšnji telefon dali/odvrgli? (What did you do with your previous phone?),Obdržal_a kot rezervni telefon (Kept it as a backup phone),2025/11/04 7:29:29 pop. GMT +1
Na kateri fakulteti študirate? (At which faculty do you study?),"Fakulteta za elektrotehniko, računalništvo in informatiko (Faculty of Electrical Engineering and Computer Science) UM",2025/11/04 7:45:44 pop. GMT +1
Kateri študijski program obiskujete? (Which study program are you enrolled in?).1,Računalništvo in informacijske tehnologije Mag (Computer and Information Technologies),2025/11/04 7:45:44 pop. GMT +1
Kdaj imate namen telefon zamenjati? (When do you plan to replace your phone?),"Nimam namena ga zamenjati, dokler deluje (I don’t plan to replace it as long as it works)",2025/11/04 7:45:44 pop. GMT +1
Kam ga boste dali po zamenjavi? (What will you do with it after replacement?),Obdržal_a ga bom kot rezervni telefon (Keep it as a backup phone),2025/11/04 7:45:44 pop. GMT +1
Kam ste prejšnji telefon dali/odvrgli? (What did you do with your previous phone?),Obdržal_a kot rezervni telefon (Kept it as a backup phone),2025/11/04 7:45:44 pop. GMT +1
Na kateri fakulteti študirate? (At which faculty do you study?),Fakulteta za računalništvo in informatiko (Faculty of Computer and Information Science) UL,2025/11/04 7:57:03 pop. GMT +1
Kateri študijski program obiskujete? (Which study program are you enrolled in?).3,"Računalništvo in informatika, magistrski program (Computer Science and Informatics, master’s program)",2025/11/04 7:57:03 pop. GMT +1
Kdaj imate namen telefon zamenjati? (When do you plan to replace your phone?),"Nimam namena ga zamenjati, dokler deluje (I don’t plan to replace it as long as it works)",2025/11/04 7:57:03 pop. GMT +1
Kam ga boste dali po zamenjavi? (What will you do with it after replacement?),Obdržal_a ga bom kot rezervni telefon (Keep it as a backup phone),2025/11/04 7:57:03 pop. GMT +1
Kam ste prejšnji telefon dali/odvrgli? (What did you do with your previous phone?),Obdržal_a kot rezervni telefon (Kept it as a backup phone),2025/11/04 7:57:03 pop. GMT +1
Na kateri fakulteti študirate? (At which faculty do you study?),Fakulteta za računalništvo in informatiko (Faculty of Computer and Information Science) UL,2025/11/04 7:57:47 pop. GMT +1
Kateri študijski program obiskujete? (Which study program are you enrolled in?).3,"Računalništvo in informatika, magistrski program (Computer Science and Informatics, master’s program)",2025/11/04 7:57:47 pop. GMT +1
Kdaj imate namen telefon zamenjati? (When do you plan to replace your phone?),"Nimam namena ga zamenjati, dokler deluje (I don’t plan to replace it as long as it works)",2025/11/04 7:57:47 pop. GMT +1
Zakaj ga imate namen zamenjati? (Why do you plan to replace it?),"Primanjkovanje prostora na aplovih telefonih, ampak niman zaenkrat namena",2025/11/04 7:57:47 pop. GMT +1
Kam ga boste dali po zamenjavi? (What will you do with it after replacement?),Podaril_a družinskemu članu / prijatelju (Give it to a family member/friend),2025/11/04 7:57:47 pop. GMT +1
Na kateri fakulteti študirate? (At which faculty do you study?),Fakulteta za matematiko in fiziko (Faculty of Mathematics and Physics) UL,2025/11/04 8:13:09 pop. GMT +1
Kateri študijski program obiskujete? (Which study program are you enrolled in?).2,Univerzitetni študijski program MATEMATIKA (University Study Program MATHEMATICS),2025/11/04 8:13:09 pop. GMT +1
Kdaj imate namen telefon zamenjati? (When do you plan to replace your phone?),"Nimam namena ga zamenjati, dokler deluje (I don’t plan to replace it as long as it works)",2025/11/04 8:13:09 pop. GMT +1
Zakaj ga imate namen zamenjati? (Why do you plan to replace it?),Počasno delovanje / zastarelost (Slow or outdated performance),2025/11/04 8:13:09 pop. GMT +1
Kam ga boste dali po zamenjavi? (What will you do with it after replacement?),Obdržal_a ga bom kot rezervni telefon (Keep it as a backup phone),2025/11/04 8:13:09 pop. GMT +1
Kam ste prejšnji telefon dali/odvrgli? (What did you do with your previous phone?),Obdržal_a kot rezervni telefon (Kept it as a backup phone),2025/11/04 8:13:09 pop. GMT +1
Na kateri fakulteti študirate? (At which faculty do you study?),Fakulteta za računalništvo in informatiko (Faculty of Computer and Information Science) UL,2025/11/04 8:25:56 pop. GMT +1
Kateri študijski program obiskujete? (Which study program are you enrolled in?).3,"Računalništvo in informatika, magistrski program (Computer Science and Informatics, master’s program)",2025/11/04 8:25:56 pop. GMT +1
Kam ga boste dali po zamenjavi? (What will you do with it after replacement?),Obdržal_a ga bom kot rezervni telefon (Keep it as a backup phone),2025/11/04 8:25:56 pop. GMT +1
Kam ste prejšnji telefon dali/odvrgli? (What did you do with your previous phone?),Obdržal_a kot rezervni telefon (Kept it as a backup phone),2025/11/04 8:25:56 pop. GMT +1
Na kateri fakulteti študirate? (At which faculty do you study?),Fakulteta za matematiko in fiziko (Faculty of Mathematics and Physics) UL,2025/11/04 8:31:30 pop. GMT +1
Kateri študijski program obiskujete? (Which study program are you enrolled in?).2,Visokošolski strokovni študijski program APLIKATIVNA FIZIKA (prej Fizikalna merilna tehnika) (Higher Professional Study Program APPLIED PHYSICS (formerly Physical Measurement Technology)),2025/11/04 8:31:30 pop. GMT +1
Kdaj imate namen telefon zamenjati? (When do you plan to replace your phone?),"Nimam namena ga zamenjati, dokler deluje (I don’t plan to replace it as long as it works)",2025/11/04 8:31:30 pop. GMT +1
Kam ga boste dali po zamenjavi? (What will you do with it after replacement?),Obdržal_a ga bom kot rezervni telefon (Keep it as a backup phone),2025/11/04 8:31:30 pop. GMT +1
Na kateri fakulteti študirate? (At which faculty do you study?),Fakulteta za računalništvo in informatiko (Faculty of Computer and Information Science) UL,2025/11/04 8:39:08 pop. GMT +1
Kateri študijski program obiskujete? (Which study program are you enrolled in?).3,"Računalništvo in informatika, univerzitetni program (Computer Science and Informatics, university program)",2025/11/04 8:39:08 pop. GMT +1
Zakaj ga imate namen zamenjati? (Why do you plan to replace it?),Počasno delovanje / zastarelost (Slow or outdated performance),2025/11/04 8:39:08 pop. GMT +1
Kam ga boste dali po zamenjavi? (What will you do with it after replacement?),Obdržal_a ga bom kot rezervni telefon (Keep it as a backup phone),2025/11/04 8:39:08 pop. GMT +1
Na kateri fakulteti študirate? (At which faculty do you study?),Fakulteta za računalništvo in informatiko (Faculty of Computer and Information Science) UL,2025/11/04 8:42:33 pop. GMT +1
Kateri študijski program obiskujete? (Which study program are you enrolled in?).3,"Računalništvo in informatika, univerzitetni program (Computer Science and Informatics, university program)",2025/11/04 8:42:33 pop. GMT +1
Kolikšna je bila cena telefona ob nakupu? (What was the price of the phone when you bought it?),Ne vem / prejel_a sem ga kot darilo (I don’t know / received it as a gift),2025/11/04 8:42:33 pop. GMT +1
Kdaj imate namen telefon zamenjati? (When do you plan to replace your phone?),"Nimam namena ga zamenjati, dokler deluje (I don’t plan to replace it as long as it works)",2025/11/04 8:42:33 pop. GMT +1
Zakaj ga imate namen zamenjati? (Why do you plan to replace it?),Počasno delovanje / zastarelost (Slow or outdated performance),2025/11/04 8:42:33 pop. GMT +1
Kam ste prejšnji telefon dali/odvrgli? (What did you do with your previous phone?),Obdržal_a kot rezervni telefon (Kept it as a backup phone),2025/11/04 8:42:33 pop. GMT +1
Na kateri fakulteti študirate? (At which faculty do you study?),Fakulteta za računalništvo in informatiko (Faculty of Computer and Information Science) UL,2025/11/04 8:46:27 pop. GMT +1
Kateri študijski program obiskujete? (Which study program are you enrolled in?).3,"Računalništvo in informatika, univerzitetni program (Computer Science and Informatics, university program)",2025/11/04 8:46:27 pop. GMT +1
Kdaj imate namen telefon zamenjati? (When do you plan to replace your phone?),"Nimam namena ga zamenjati, dokler deluje (I don’t plan to replace it as long as it works)",2025/11/04 8:46:27 pop. GMT +1
Kam ga boste dali po zamenjavi? (What will you do with it after replacement?),Obdržal_a ga bom kot rezervni telefon (Keep it as a backup phone),2025/11/04 8:46:27 pop. GMT +1
Kam ste prejšnji telefon dali/odvrgli? (What did you do with your previous phone?),Obdržal_a kot rezervni telefon (Kept it as a backup phone),2025/11/04 8:46:27 pop. GMT +1
