Id,Start time,Completion time,Email,Name,Language,Koliko ste stari?,Ozna?ite spol.,"Na kateri fakulteti študirate? (Študenti interdisciplinarnih programov, ki potekajo na ve?ih fakultetah, ozna?ite poljubno fakulteto.)",Na kateri stopnji študija ste trenutno?,Katere znamke telefon trenutno primarno uporabljate?,Kolikšna je bila cena telefona iz prejšnjega vprašanja ob nakupu?,Katerega leta ste kupili vaš trenutni primarni telefon?,Kdaj imate namen vaš trenutni primarni telefon zamenjati?,"Zakaj ste zamenjali vaš prejšnji telefon) (?e niste popolnoma prepri?ani, navedite najverjetnejši vzrok.)",Kaj ste naredili z vašim prejšnjim telefonom po zamenjavi?,Koliko odsluženih telefonov imate trenutno spravljenih doma?,"Zakaj ste izbrali tak na?in odvrženja odslužene naprave? (Izberite vse, kar velja.)",Ali ste pred reševanjem te ankete že slišali za odpadno elektri?no in elektronsko opremo (t. i. e-odpadke)?,"Kaj od naštetega, po vašem mnenju, spada med e-odpadke?","Kaj je, po vašem mnenju, glavni razlog, da študenti starih telefonov ne odvržejo v zbirališ?a za e-odpadke?","Kako bi, po vašem mnanju, lahko k izboljšanju znanja o e-odpadkih in pravilnem odvrženju starih telefonov pripomogla vaša fakulteta oz. univerza?"
6,12/20/2025 17:54,12/20/2025 17:55,anonymous,,Slovenš?ina,22,Moški,Fakulteta za matematiko in fiziko,Podiplomski študij (Magisterij),Xiaomi,Ne vem. / Ne spomnim se.,2022,Nimam ga namena zamenjati dokler deluje.,Po?asno delovanje / zastarelost.,Shranil/-a sem ga oziroma obdržal/-a doma.,1 - 3,Udobje / priro?nost.;,Da,Pametni telefoni;Baterije;Polnilniki in kabli;Prenosni in tabli?ni ra?unalniki;Gospodinjski elektri?ni aparati;,,
7,12/20/2025 17:55,12/20/2025 17:57,anonymous,,English (United Kingdom)?,19,Moški,Fakulteta za matematiko in fiziko,Dodiplomski študij,Xiaomi,Manj kot 200€.,2025,Nimam ga namena zamenjati dokler deluje.,"Nepopravljive poškodbe ali poškodbe, ki so predrage za popravilo.",Shranil/-a sem ga oziroma obdržal/-a doma.,4 - 6,Udobje / priro?nost.;Pomanjkanje primernih odlagališ? v moji bližini.;,Ne,Pametni telefoni;Prenosni in tabli?ni ra?unalniki;Gospodinjski elektri?ni aparati;,,
8,12/20/2025 17:53,12/20/2025 17:59,anonymous,,Slovenš?ina,20,Moški,Fakulteta za matematiko in fiziko,Dodiplomski študij,Samsung,Med 200€ in 400€.,Pred letom 2020.,Nimam ga namena zamenjati dokler deluje.,"Nepopravljive poškodbe ali poškodbe, ki so predrage za popravilo.",Shranil/-a sem ga oziroma obdržal/-a doma.,4 - 6,Pomanjkanje ozaveš?enosti.;Pomanjkanje primernih odlagališ? v moji bližini.;,Da,Pametni telefoni;Baterije;Prenosni in tabli?ni ra?unalniki;Polnilniki in kabli;Gospodinjski elektri?ni aparati;,Morda jih želijo obdržati za vsak slu?aj,Nevem ?e bi sploh mo?no koristilo
9,12/20/2025 17:56,12/20/2025 17:59,anonymous,,English (United Kingdom)?,22,Moški,Fakulteta za matematiko in fiziko,Dodiplomski študij,Samsung,Med 200€ in 400€.,2025,2030-2033,Po?asno delovanje / zastarelost.,Shranil/-a sem ga oziroma obdržal/-a doma.,1 - 3,Udobje / priro?nost.;,Da,Pametni telefoni;Baterije;Polnilniki in kabli;Prenosni in tabli?ni ra?unalniki;Gospodinjski elektri?ni aparati;,Because you want to keep it?,Paying me
10,12/20/2025 17:56,12/20/2025 17:59,anonymous,,Slovenš?ina,22,Non-binary asexual furry,Fakulteta za matematiko in fiziko,Podiplomski študij (Magisterij),Samsung,Med 600€ in 800€.,2023,Nimam ga namena zamenjati dokler deluje.,Ati kupil nov telefon in mu je ta bil odve?.,Shranil/-a sem ga oziroma obdržal/-a doma.,7 - 10,?ez nekaj desetletij bodo ogromno vredni.;,Da,Gospodinjski elektri?ni aparati;Prenosni in tabli?ni ra?unalniki;Polnilniki in kabli;Pametni telefoni;,Kdo pa je rekel da jih ne?,"Postavila škatlo za e-odpadke, ?e ta še ni postavljena."
11,12/20/2025 18:01,12/20/2025 18:02,anonymous,,Slovenš?ina,22,Ženska,Fakulteta za matematiko in fiziko,Dodiplomski študij,Samsung,Med 200€ in 400€.,2022,V naslednji 6 mesecih.,"Nepopravljive poškodbe ali poškodbe, ki so predrage za popravilo.",Shranil/-a sem ga oziroma obdržal/-a doma.,1 - 3,Skrb glede varnosti osebnih podatkov.;Udobje / priro?nost.;,Da,Pametni telefoni;Baterije;Polnilniki in kabli;Prenosni in tabli?ni ra?unalniki;Gospodinjski elektri?ni aparati;,,
12,12/20/2025 18:02,12/20/2025 18:06,anonymous,,Slovenš?ina,23,Moški,Fakulteta za matematiko in fiziko,Dodiplomski študij,Samsung,Med 800€ in 1000€.,2020,V naslednji 6 mesecih.,Darilo za rojstni dan.,Shranil/-a sem ga oziroma obdržal/-a doma.,1 - 3,Zadovoljivo deluje za nujne primere. ;,Da,Pametni telefoni;Polnilniki in kabli;Prenosni in tabli?ni ra?unalniki;Gospodinjski elektri?ni aparati;,"Kombinacija neozaveš?enosti in oddaljenost od zbirališ? - ne vem, kje je meni najbližje zbirališ?e.",/
13,12/20/2025 18:04,12/20/2025 18:06,anonymous,,Slovenš?ina,23,Ženska,Fakulteta za matematiko in fiziko,Dodiplomski študij,Xiaomi,Ne vem. / Ne spomnim se.,2023,Nimam ga namena zamenjati dokler deluje.,Po?asno delovanje / zastarelost.,Shranil/-a sem ga oziroma obdržal/-a doma.,1 - 3,Okoljska odgovornost.;Pomanjkanje primernih odlagališ? v moji bližini.;Udobje / priro?nost.;Finan?na korist.;,Da,Pametni telefoni;Baterije;Polnilniki in kabli;Prenosni in tabli?ni ra?unalniki;Gospodinjski elektri?ni aparati;,Nedostopnost odlagališ?a ,Ne vem 
14,12/20/2025 18:04,12/20/2025 18:07,anonymous,,Slovenš?ina,19,Ženska,Fakulteta za matematiko in fiziko,Dodiplomski študij,Samsung,Manj kot 200€.,2023,Nimam ga namena zamenjati dokler deluje.,"Nepopravljive poškodbe ali poškodbe, ki so predrage za popravilo.",Shranil/-a sem ga oziroma obdržal/-a doma.,1 - 3,Pomanjkanje primernih odlagališ? v moji bližini.;,Da,Baterije;Prenosni in tabli?ni ra?unalniki;Pametni telefoni;Polnilniki in kabli;Gospodinjski elektri?ni aparati;,"Ib?utek da jih bodo še potrebovali, pomanjkaje odlagališ?",Prostor za odaganje e odpadkov
15,12/20/2025 18:07,12/20/2025 18:10,anonymous,,English (United Kingdom)?,22,Moški,Fakulteta za matematiko in fiziko,Dodiplomski študij,Xiaomi,Med 200€ in 400€.,2024,Nimam ga namena zamenjati dokler deluje.,"Nepopravljive poškodbe ali poškodbe, ki so predrage za popravilo.",Shranil/-a sem ga oziroma obdržal/-a doma.,1 - 3,Udobje / priro?nost.;,Da,Pametni telefoni;Prenosni in tabli?ni ra?unalniki;Gospodinjski elektri?ni aparati;,They don't bother,Have e-waste disposal at most if its buildings
16,12/20/2025 17:57,12/20/2025 18:21,anonymous,,Slovenš?ina,21,Moški,Fakulteta za matematiko in fiziko,Dodiplomski študij,Samsung,Med 800€ in 1000€.,2024,Nimam ga namena zamenjati dokler deluje.,Slaba baterija in nekaj poškodb,Shranil/-a sem ga oziroma obdržal/-a doma.,1 - 3,Udobje / priro?nost.;Skrb glede varnosti osebnih podatkov.;,Da,Baterije;Pametni telefoni;Polnilniki in kabli;Prenosni in tabli?ni ra?unalniki;Gospodinjski elektri?ni aparati;,"Ne vedo, kje so, manj problemov s prenosom podatkov iz starega telefona",
17,12/20/2025 18:13,12/20/2025 18:22,anonymous,,English (United Kingdom)?,21,Moški,Fakulteta za matematiko in fiziko,Dodiplomski študij,Apple,Manj kot 200€.,Ne vem. / Ne spomnim se.,Nimam ga namena zamenjati dokler deluje.,"Telefone ze od nekdaj podedujem od starsev, ki ponavadi menjajo telefon vsaka 2-3 leta",Shranil/-a sem ga oziroma obdržal/-a doma.,4 - 6,Udobje / priro?nost.;,Ne,Nisem prepri?an/-a;,,
18,12/20/2025 18:27,12/20/2025 18:30,anonymous,,Slovenš?ina,21,Moški,Fakulteta za matematiko in fiziko,Dodiplomski študij,Xiaomi,Manj kot 200€.,2025,Nimam ga namena zamenjati dokler deluje.,"Nepopravljive poškodbe ali poškodbe, ki so predrage za popravilo.",Shranil/-a sem ga oziroma obdržal/-a doma.,1 - 3,Udobje / priro?nost.;Pomanjkanje ozaveš?enosti.;,Ne,Pametni telefoni;Polnilniki in kabli;Prenosni in tabli?ni ra?unalniki;Gospodinjski elektri?ni aparati;,,
19,12/20/2025 18:29,12/20/2025 18:31,anonymous,,Slovenš?ina,20,Moški,Fakulteta za matematiko in fiziko,Dodiplomski študij,Xiaomi,Ne vem. / Ne spomnim se.,2023,Nimam ga namena zamenjati dokler deluje.,"Nepopravljive poškodbe ali poškodbe, ki so predrage za popravilo.",Shranil/-a sem ga oziroma obdržal/-a doma.,7 - 10,Udobje / priro?nost.;,Da,Pametni telefoni;Baterije;Polnilniki in kabli;Prenosni in tabli?ni ra?unalniki;Gospodinjski elektri?ni aparati;,,
20,12/20/2025 18:24,12/20/2025 18:33,anonymous,,Slovenš?ina,24,Moški,Fakulteta za matematiko in fiziko,Podiplomski študij (Magisterij),Xiaomi,Med 200€ in 400€.,2024,Nimam ga namena zamenjati dokler deluje.,Po?asno delovanje / zastarelost.,Shranil/-a sem ga oziroma obdržal/-a doma.,1 - 3,V?asih še vedno za kakšen namen uporabim stare telefone.;,Da,Pametni telefoni;Baterije;Polnilniki in kabli;Prenosni in tabli?ni ra?unalniki;,Neozaveš?enost,Obvestilo na reklamnem panoju
21,12/20/2025 18:32,12/20/2025 18:33,anonymous,,Slovenš?ina,Dvajset,Moški,Fakulteta za matematiko in fiziko,Dodiplomski študij,Xiaomi,Med 200€ in 400€.,2024,Nimam ga namena zamenjati dokler deluje.,"Nepopravljive poškodbe ali poškodbe, ki so predrage za popravilo.",Shranil/-a sem ga oziroma obdržal/-a doma.,1 - 3,Nisem se še ukvarjal z njim;,Da,Pametni telefoni;Baterije;Polnilniki in kabli;Prenosni in tabli?ni ra?unalniki;Gospodinjski elektri?ni aparati;,,
22,12/20/2025 18:32,12/20/2025 18:34,anonymous,,Slovenš?ina,21,Moški,Fakulteta za matematiko in fiziko,Dodiplomski študij,Samsung,Med 200€ in 400€.,2023,Nimam ga namena zamenjati dokler deluje.,Ugodna ponudba pri operaterju.,Shranil/-a sem ga oziroma obdržal/-a doma.,4 - 6,Udobje / priro?nost.;Pomanjkanje primernih odlagališ? v moji bližini.;Skrb glede varnosti osebnih podatkov.;,Da,Pametni telefoni;Baterije;Polnilniki in kabli;Prenosni in tabli?ni ra?unalniki;Gospodinjski elektri?ni aparati;,"ker je obupna dostopnost, ve?ina sploh za to ne ve, skrb osebnih podatkov ",menjalnica: telefon keš
23,12/20/2025 18:31,12/20/2025 18:34,anonymous,,Slovenš?ina,22,Ne želim odgovoriti.,Fakulteta za matematiko in fiziko,Podiplomski študij (Magisterij),Fairphone,Med 400€ in 600€.,2022,Nimam ga namena zamenjati dokler deluje.,Po?asno delovanje / zastarelost.,Shranil/-a sem ga oziroma obdržal/-a doma.,1 - 3,"Za rezervo, ?e trenutni kadarkoli odpove;",Da,Pametni telefoni;Baterije;Polnilniki in kabli;Prenosni in tabli?ni ra?unalniki;Gospodinjski elektri?ni aparati;,"Študenti FMF in FRI znajo stare naprave uporabiti za druge namene dokler delujejo, tudi, ?e so sicer po?asne/imajo slabo baterijo.","Pomoje to nima smisla, ker znamo stare naprave uporabiti/prodati/podariti, kar je bolje, kot da jih vržemo v smeti. E-odpadki so problem predvsem, ?e jih je ve? kot je potrebno, ali ?e jih ne me?emo v prave smeti."
24,12/20/2025 18:38,12/20/2025 18:40,anonymous,,English (United Kingdom)?,23,Moški,Fakulteta za matematiko in fiziko,Podiplomski študij (Magisterij),Apple,Med 400€ in 600€.,2022,Nimam ga namena zamenjati dokler deluje.,"Nepopravljive poškodbe ali poškodbe, ki so predrage za popravilo.",Oddal/-a sem ga na ekološkem otoku v za to namenjen smetnjak.,,Pomanjkanje ozaveš?enosti.;,Da,Pametni telefoni;Baterije;Polnilniki in kabli;Prenosni in tabli?ni ra?unalniki;Gospodinjski elektri?ni aparati;,Never heard of them,"More bins, money returns"
25,12/20/2025 18:38,12/20/2025 18:41,anonymous,,Slovenš?ina,19,Moški,Fakulteta za matematiko in fiziko,Dodiplomski študij,Google,Manj kot 200€.,2025,Nimam ga namena zamenjati dokler deluje.,operacijski sistem brez Googla,Prodal/-a sem ga drugi osebi.,,Finan?na korist.;Okoljska odgovornost.;,Da,Pametni telefoni;Prenosni in tabli?ni ra?unalniki;Gospodinjski elektri?ni aparati;Polnilniki in kabli;Baterije;,Neozaveš?enost ali neseznanjenost z mesti takih odlagališ?,Javni seznami položajev odlagališ? takih odpadkov.
26,12/20/2025 18:42,12/20/2025 18:45,anonymous,,Slovenš?ina,21,Moški,Fakulteta za ra?unalništvo in informatiko,Dodiplomski študij,Apple,Med 600€ in 800€.,2025,Odvisno od okoliscin,Mami je potrebovala boljsega pa sem ga jaz zamenj,Podaril/-a sem ga prijateljem ali družinskim ?lanom.,,Udobje / priro?nost.;,Da,Pametni telefoni;Baterije;Polnilniki in kabli;Prenosni in tabli?ni ra?unalniki;Gospodinjski elektri?ni aparati;,Odrocnost odlagalisc,Uredila odpad za telefone
27,12/20/2025 18:45,12/20/2025 18:50,anonymous,,Slovenš?ina,21,Moški,Fakulteta za matematiko in fiziko,Dodiplomski študij,Samsung,Med 200€ in 400€.,2021,Nimam ga namena zamenjati dokler deluje.,"Nepopravljive poškodbe ali poškodbe, ki so predrage za popravilo.",Shranil/-a sem ga oziroma obdržal/-a doma.,1 - 3,Udobje / priro?nost.;,Da,Pametni telefoni;Baterije;Prenosni in tabli?ni ra?unalniki;Gospodinjski elektri?ni aparati;Polnilniki in kabli;,It is easier not to.,Have a bin+advertise it. Once a year or something make a thing out of it so everyone who gives something gets a cookie. 
28,12/20/2025 18:50,12/20/2025 18:53,anonymous,,English (United Kingdom)?,23,Moški,Fakulteta za ra?unalništvo in informatiko,Dodiplomski študij,Apple,Ve? kot 1000€.,2022,Leta 2027,Slaba baterija.,Podaril/-a sem ga prijateljem ali družinskim ?lanom.,,Udobje / priro?nost.;Finan?na korist.;Okoljska odgovornost.;,Da,Pametni telefoni;Baterije;Polnilniki in kabli;Prenosni in tabli?ni ra?unalniki;Gospodinjski elektri?ni aparati;,Inconvenient or better to just pass it down to siblings,Non-mandatory summer class regarding waste management
29,12/20/2025 19:01,12/20/2025 19:03,anonymous,,Slovenš?ina,19,Ženska,Fakulteta za matematiko in fiziko,Dodiplomski študij,Samsung,Med 200€ in 400€.,2023,Nimam ga namena zamenjati dokler deluje.,"Nepopravljive poškodbe ali poškodbe, ki so predrage za popravilo.",Pustil/-a sem ga v trgovini ob nakupu novega telefona.,,Pomanjkanje primernih odlagališ? v moji bližini.;,Ne,Pametni telefoni;Prenosni in tabli?ni ra?unalniki;Polnilniki in kabli;Gospodinjski elektri?ni aparati;Baterije;,"Ne vejo za njih/se ne zavedajo, zakaj je pomembno, da jih odvržejo na tak na?in.",Imela letake na oglasnih deskah
30,12/20/2025 19:02,12/20/2025 19:05,anonymous,,Slovenš?ina,21,Moški,Fakulteta za matematiko in fiziko,Dodiplomski študij,Samsung,Ne vem. / Ne spomnim se.,Ne vem. / Ne spomnim se.,Nimam ga namena zamenjati dokler deluje.,Želim novejši model.,Podaril/-a sem ga prijateljem ali družinskim ?lanom.,,Finan?na korist.;Udobje / priro?nost.;,Da,Pametni telefoni;Baterije;Polnilniki in kabli;Prenosni in tabli?ni ra?unalniki;Gospodinjski elektri?ni aparati;Nisem prepri?an/-a;,,
31,12/20/2025 19:02,12/20/2025 19:07,anonymous,,Slovenš?ina,24,Moški,Fakulteta za matematiko in fiziko,Podiplomski študij (Magisterij),Samsung,Med 400€ in 600€.,2024,Nimam ga namena zamenjati dokler deluje.,"Nepopravljive poškodbe ali poškodbe, ki so predrage za popravilo.",Shranil/-a sem ga oziroma obdržal/-a doma.,1 - 3,Udobje / priro?nost.;,Da,Pametni telefoni;Polnilniki in kabli;Prenosni in tabli?ni ra?unalniki;,"Nikoli ne veš kdaj bom kaj lahko uporabil, prostor doma pa tudi imam. Dokler ne odvržem na napa?no mesto je vseeno.",
32,12/20/2025 19:07,12/20/2025 19:09,anonymous,,Slovenš?ina,23,Ženska,Fakulteta za matematiko in fiziko,Dodiplomski študij,Samsung,Med 600€ in 800€.,2025,Nimam ga namena zamenjati dokler deluje.,Želim novejši model.,Podaril/-a sem ga prijateljem ali družinskim ?lanom.,,Finan?na korist.;Udobje / priro?nost.;,Da,Pametni telefoni;Prenosni in tabli?ni ra?unalniki;Nisem prepri?an/-a;,,
33,12/20/2025 19:09,12/20/2025 19:13,anonymous,,Slovenš?ina,19,Ženska,Fakulteta za matematiko in fiziko,Dodiplomski študij,Samsung,Med 800€ in 1000€.,2025,Nimam ga namena zamenjati dokler deluje.,Slaba baterija.,Shranil/-a sem ga oziroma obdržal/-a doma.,1 - 3,Pomanjkanje primernih odlagališ? v moji bližini.;Skrb glede varnosti osebnih podatkov.;Udobje / priro?nost.;,Da,Pametni telefoni;Baterije;Prenosni in tabli?ni ra?unalniki;Gospodinjski elektri?ni aparati;,Lenoba,
34,12/20/2025 19:13,12/20/2025 19:14,anonymous,,English (United Kingdom)?,23,Moški,Fakulteta za ra?unalništvo in informatiko,Dodiplomski študij,Xiaomi,Med 400€ in 600€.,2025,Nimam ga namena zamenjati dokler deluje.,"Nepopravljive poškodbe ali poškodbe, ki so predrage za popravilo.",Shranil/-a sem ga oziroma obdržal/-a doma.,7 - 10,Udobje / priro?nost.;Skrb glede varnosti osebnih podatkov.;Okoljska odgovornost.;,Da,Pametni telefoni;Baterije;Polnilniki in kabli;Prenosni in tabli?ni ra?unalniki;Gospodinjski elektri?ni aparati;,Not available easily,Visible bins in the lobby 
35,12/20/2025 19:13,12/20/2025 19:16,anonymous,,Slovenš?ina,19,Ženska,Fakulteta za ra?unalništvo in informatiko,Dodiplomski študij,Samsung,Med 200€ in 400€.,2023,Nimam ga namena zamenjati dokler deluje.,Slaba baterija.,Podaril/-a sem ga prijateljem ali družinskim ?lanom.,,Udobje / priro?nost.;Pomanjkanje ozaveš?enosti.;,Ne,Pametni telefoni;Polnilniki in kabli;Prenosni in tabli?ni ra?unalniki;Gospodinjski elektri?ni aparati;,"Ne vejo kje je to.
In odvr?i nekaj na pravo mesto jim ne koristi, zato ne bodo šli izven svoje poti samo za to.",Škatla za te odpadke
36,12/20/2025 19:18,12/20/2025 19:23,anonymous,,Slovenš?ina,22,Moški,Fakulteta za matematiko in fiziko,Dodiplomski študij,Realme,Manj kot 200€.,2023,Nimam ga namena zamenjati dokler deluje.,"Nepopravljive poškodbe ali poškodbe, ki so predrage za popravilo.",Shranil/-a sem ga oziroma obdržal/-a doma.,4 - 6,Udobje / priro?nost.;Pomanjkanje ozaveš?enosti.;,Da,Pametni telefoni;Baterije;Polnilniki in kabli;Prenosni in tabli?ni ra?unalniki;Gospodinjski elektri?ni aparati;,Redko vidim in redko pomislim na ta zbiralisca,
37,12/20/2025 19:30,12/20/2025 19:33,anonymous,,Slovenš?ina,21,Moški,Fakulteta za matematiko in fiziko,Dodiplomski študij,Samsung,Med 400€ in 600€.,2023,Nimam ga namena zamenjati dokler deluje.,"Nepopravljive poškodbe ali poškodbe, ki so predrage za popravilo.",Shranil/-a sem ga oziroma obdržal/-a doma.,1 - 3,Udobje / priro?nost.;,Da,Pametni telefoni;Baterije;Prenosni in tabli?ni ra?unalniki;Gospodinjski elektri?ni aparati;,Treba se je potruditi. ,Lažje dostopni zabojniki za e-odpadke. Na primer na fakulteti
38,12/20/2025 19:39,12/20/2025 19:42,anonymous,,English (United Kingdom)?,22,Ženska,Fakulteta za matematiko in fiziko,Dodiplomski študij,Samsung,Med 200€ in 400€.,2022,Nimam ga namena zamenjati dokler deluje.,"Nepopravljive poškodbe ali poškodbe, ki so predrage za popravilo.",Shranil/-a sem ga oziroma obdržal/-a doma.,1 - 3,Udobje / priro?nost.;,Da,Pametni telefoni;Polnilniki in kabli;Prenosni in tabli?ni ra?unalniki;Gospodinjski elektri?ni aparati;,"They might not be aware of their existance, location, they might not be easily accesible everywhere.","Posters, workshop, e-waste collection point at college."
39,12/20/2025 19:46,12/20/2025 19:50,anonymous,,Slovenš?ina,25,Moški,Fakulteta za ra?unalništvo in informatiko,Podiplomski študij (Magisterij),Xiaomi,Manj kot 200€.,2020,Nimam ga namena zamenjati dokler deluje.,"Nepopravljive poškodbe ali poškodbe, ki so predrage za popravilo.",Kasneje sem ga popravil in prodal.,,Finan?na korist.;,Da,Nisem prepri?an/-a;,"ne vemo kje naj bi ta zbirališ?a sploh bila, pa niso ravno toliko druga?na od vseh oatalih odpadkov da bi imeli zanje nek poseben zbirni center",ni?
40,12/20/2025 20:08,12/20/2025 20:13,anonymous,,English (United Kingdom)?,23,Ženska,Fakulteta za matematiko in fiziko,Dodiplomski študij,Apple,Manj kot 200€.,Pred letom 2020.,Nimam ga namena zamenjati dokler deluje.,Slaba baterija.,Prodal/-a sem ga trgovini.,,Udobje / priro?nost.;Finan?na korist.;,Ne,Pametni telefoni;Polnilniki in kabli;Prenosni in tabli?ni ra?unalniki;,to have them at home,by writing about it
41,12/20/2025 20:26,12/20/2025 20:28,anonymous,,Slovenš?ina,19,Ženska,Fakulteta za matematiko in fiziko,Dodiplomski študij,Samsung,Med 200€ in 400€.,2023,Nimam ga namena zamenjati dokler deluje.,Po?asno delovanje / zastarelost.,Prodal/-a sem ga drugi osebi.,,Finan?na korist.;Okoljska odgovornost.;,Da,Pametni telefoni;Baterije;Polnilniki in kabli;Prenosni in tabli?ni ra?unalniki;Gospodinjski elektri?ni aparati;,Prodajo jih.,Dodatna izobraževanja v ta namen.
42,12/20/2025 20:26,12/20/2025 20:29,anonymous,,Slovenš?ina,20,Moški,Fakulteta za matematiko in fiziko,Dodiplomski študij,Samsung,Med 600€ in 800€.,2023,Leta 2028,Po?asno delovanje / zastarelost.,Shranil/-a sem ga oziroma obdržal/-a doma.,1 - 3,Udobje / priro?nost.;,Da,Pametni telefoni;Baterije;Polnilniki in kabli;Prenosni in tabli?ni ra?unalniki;Gospodinjski elektri?ni aparati;,"Ne ljubi se jim, ali pa mislijo da bodo lahko še uporabili za kaj drugega",
43,12/20/2025 20:30,12/20/2025 20:33,anonymous,,Slovenš?ina,21,Moški,Fakulteta za ra?unalništvo in informatiko,Dodiplomski študij,Google,Med 200€ in 400€.,2023,V naslednji 6 mesecih.,Slaba baterija.,Shranil/-a sem ga oziroma obdržal/-a doma.,0,Skrb glede varnosti osebnih podatkov.;Udobje / priro?nost.;uporaba v druge namene;,Da,Pametni telefoni;Baterije;Polnilniki in kabli;Prenosni in tabli?ni ra?unalniki;Gospodinjski elektri?ni aparati;,Hoarding,
44,12/20/2025 20:47,12/20/2025 20:49,anonymous,,Slovenš?ina,22,Moški,Fakulteta za matematiko in fiziko,Dodiplomski študij,Apple,Med 800€ in 1000€.,2022,Nimam ga namena zamenjati dokler deluje.,Po?asno delovanje / zastarelost.,Shranil/-a sem ga oziroma obdržal/-a doma.,1 - 3,Pomanjkanje primernih odlagališ? v moji bližini.;Udobje / priro?nost.;,Da,Pametni telefoni;Polnilniki in kabli;Baterije;Prenosni in tabli?ni ra?unalniki;Gospodinjski elektri?ni aparati;,"premalo ozaveš?anja, kje tej centri so ",kakšen plakat na oglasni deski
45,12/20/2025 20:50,12/20/2025 20:55,anonymous,,Slovenš?ina,21,Moški,Fakulteta za ra?unalništvo in informatiko,Dodiplomski študij,Xiaomi,Med 200€ in 400€.,2025,Nimam ga namena zamenjati dokler deluje.,Slaba baterija.,Shranil/-a sem ga oziroma obdržal/-a doma.,1 - 3,Udobje / priro?nost.;Skrb glede varnosti osebnih podatkov.;,Da,Baterije;Pametni telefoni;Polnilniki in kabli;Prenosni in tabli?ni ra?unalniki;Gospodinjski elektri?ni aparati;,"Najbrž se ti bolj spla?a prodati, ?e telefon še dela. Sicer pa mislim da ljudje na splošno ne vejo kje so ta zbirališ?a,","Ve? oglaševanja, kje so zbirališ?a za e-odpadke v bližini."
46,12/20/2025 21:28,12/20/2025 21:35,anonymous,,English (United Kingdom)?,20,Moški,Fakulteta za matematiko in fiziko,Dodiplomski študij,Samsung,Med 200€ in 400€.,2025,Nimam ga namena zamenjati dokler deluje.,"Nepopravljive poškodbe ali poškodbe, ki so predrage za popravilo.",Shranil/-a sem ga oziroma obdržal/-a doma.,1 - 3,Pomanjkanje ozaveš?enosti.;Okoljska odgovornost.;Udobje / priro?nost.;I can (and must) still use it for some things.;,Ne,Nisem prepri?an/-a;,"I can only speak for myself, but they pribabky don't know that this is an option. We're probably also already used to disposing of old phones differently.","They usually use posters and pamphlets for this sort of thing. That being said, I usually ignore both of those."
47,12/20/2025 21:25,12/20/2025 21:36,anonymous,,Slovenš?ina,24,Moški,Fakulteta za matematiko in fiziko,Dodiplomski študij,Xiaomi,Med 400€ in 600€.,2025,Nimam ga namena zamenjati dokler deluje.,Dobil sem novega za darilo.,Shranil/-a sem ga oziroma obdržal/-a doma.,1 - 3,Udobje / priro?nost.;Pomanjkanje primernih odlagališ? v moji bližini.;,Da,Pametni telefoni;Prenosni in tabli?ni ra?unalniki;Gospodinjski elektri?ni aparati;,Oddalenost primernih zbirališ?/vedenje kje so ta zbirališ?a.,"Povezava na spletni strani do lokacij možnih zbirališ?, morda bi zraven lahko bilo dopisano kako se korektno lo?i e-odpadke (kaj spada med njih)"
48,12/20/2025 21:39,12/20/2025 21:43,anonymous,,Slovenš?ina,22,Ženska,Fakulteta za matematiko in fiziko,Podiplomski študij (Magisterij),Huawei ,Ne vem. / Ne spomnim se.,Pred letom 2020.,Nimam ga namena zamenjati dokler deluje.,"Nepopravljive poškodbe ali poškodbe, ki so predrage za popravilo.",Ne spomnim se,,-;,Da,Pametni telefoni;Baterije;Polnilniki in kabli;Prenosni in tabli?ni ra?unalniki;Gospodinjski elektri?ni aparati;,Ker se jim ne ljubi hodit tja / ne najdejo ?asa za it do zbirališ?a.,"Lahko bi nastavili škatlo za e-odpadke, ki bi jih potem faks odpeljal do zbirališ?a. "
49,12/20/2025 21:55,12/20/2025 22:01,anonymous,,Slovenš?ina,22,Ženska,Fakulteta za matematiko in fiziko,Dodiplomski študij,Samsung,Med 400€ in 600€.,2025,Nimam ga namena zamenjati dokler deluje.,"Telefon je nehal delovati, ker je padel v vodo.",Oddal/-a sem ga v center za ravnanje z odpadki.,,Okoljska odgovornost.;,Da,Prenosni in tabli?ni ra?unalniki;Polnilniki in kabli;Pametni telefoni;Gospodinjski elektri?ni aparati;,"Pogosto ne vedo, kje se nahajajo, da obstajajo ali pa se jim zdi enostavno lažje narediti kaj drugega, kot na primer vre?i med komunalni odpadke.","Prostor kamor lahko študenti in zaposleni oddajo manjše e-odpadke kot so ra?unalniki in telefoni, saj bo bilo to priro?no in bi morda kakšna oseba ve? pomislila da ko zavrže telefon ga odda na pravo mesto."
50,12/20/2025 22:00,12/20/2025 22:03,anonymous,,Slovenš?ina,22,Moški,Fakulteta za matematiko in fiziko,Dodiplomski študij,Nothing,Med 200€ in 400€.,2025,Nimam ga namena zamenjati dokler deluje.,"Nepopravljive poškodbe ali poškodbe, ki so predrage za popravilo.",Shranil/-a sem ga oziroma obdržal/-a doma.,1 - 3,Udobje / priro?nost.;,Da,Pametni telefoni;Baterije;Polnilniki in kabli;Prenosni in tabli?ni ra?unalniki;Gospodinjski elektri?ni aparati;,Lenoba,Nimam pojma
51,12/20/2025 22:03,12/20/2025 22:04,anonymous,,English (United Kingdom)?,19,Ženska,Fakulteta za matematiko in fiziko,Dodiplomski študij,Apple,Med 800€ in 1000€.,2025,Nimam ga namena zamenjati dokler deluje.,Slaba baterija.,Podaril/-a sem ga prijateljem ali družinskim ?lanom.,,Udobje / priro?nost.;,Ne,Pametni telefoni;Polnilniki in kabli;Prenosni in tabli?ni ra?unalniki;,,
52,12/20/2025 22:03,12/20/2025 22:10,anonymous,,Slovenš?ina,24,Moški,Fakulteta za matematiko in fiziko,Podiplomski študij (Magisterij),Motorola,Med 200€ in 400€.,2025,Nimam ga namena zamenjati dokler deluje.,Mobilna banka je ustavila podporo mojemu takrat precej zastarelemu OS,Shranil/-a sem ga oziroma obdržal/-a doma.,1 - 3,Udobje / priro?nost.;Lenoba;,Da,Pametni telefoni;Prenosni in tabli?ni ra?unalniki;,"Iskreno se nisem slišal za nikogar, ki bi svoj star telefon odvrgel. Popolnoma vsaka oseba s katero sem imel pogovor o menjavi telefona, je rekla, da ga ima shranjenega nekje doma, ce se slucajno kaj zgodi z novim telefonom.","Že sama omemba bi verjetno zadostovala. Ni treba nobene propagandne kampanje. Samo omenit je treba, da obstajajo odlagalisca, in kje so, in zakaj jih je smiselno koristit."
53,12/20/2025 22:15,12/20/2025 22:19,anonymous,,English (United Kingdom)?,22,Moški,Fakulteta za ra?unalništvo in informatiko,Dodiplomski študij,Samsung,Med 200€ in 400€.,2024,Leta 2029,"Nepopravljive poškodbe ali poškodbe, ki so predrage za popravilo.",Shranil/-a sem ga oziroma obdržal/-a doma.,1 - 3,Udobje / priro?nost.;Pomanjkanje ozaveš?enosti.;,Da,Pametni telefoni;Polnilniki in kabli;Prenosni in tabli?ni ra?unalniki;Gospodinjski elektri?ni aparati;,Lazyness,By posting posters informing people of where to dispose of e waste. Im sure the student council woudnt mind a poster like that on their board.
54,12/20/2025 22:24,12/20/2025 22:26,anonymous,,Slovenš?ina,23,Moški,Fakulteta za matematiko in fiziko,Dodiplomski študij,Xiaomi,Med 200€ in 400€.,2022,Leta 2027,Slaba baterija.,Shranil/-a sem ga oziroma obdržal/-a doma.,1 - 3,Udobje / priro?nost.;,Da,Pametni telefoni;Baterije;Polnilniki in kabli;Prenosni in tabli?ni ra?unalniki;,Ker so koristni za obdržat,Boljši bi bil kak bolj splošen sistem ne pa da to ureja univerza
55,12/20/2025 22:36,12/20/2025 22:37,anonymous,,Slovenš?ina,20,Ženska,Fakulteta za matematiko in fiziko,Dodiplomski študij,Apple,Ve? kot 1000€.,2023,Nimam ga namena zamenjati dokler deluje.,"Nepopravljive poškodbe ali poškodbe, ki so predrage za popravilo.",Shranil/-a sem ga oziroma obdržal/-a doma.,Ve? kot 10,Udobje / priro?nost.;Pomanjkanje primernih odlagališ? v moji bližini.;Skrb glede varnosti osebnih podatkov.;Pomanjkanje ozaveš?enosti.;Okoljska odgovornost.;,Da,Pametni telefoni;Baterije;Polnilniki in kabli;Prenosni in tabli?ni ra?unalniki;,,
56,12/20/2025 22:37,12/20/2025 22:39,anonymous,,English (United Kingdom)?,22,Ženska,Fakulteta za ra?unalništvo in informatiko,Dodiplomski študij,Apple,Ne vem. / Ne spomnim se.,Pred letom 2020.,Nimam ga namena zamenjati dokler deluje.,"Nepopravljive poškodbe ali poškodbe, ki so predrage za popravilo.",Shranil/-a sem ga oziroma obdržal/-a doma.,1 - 3,Udobje / priro?nost.;Pomanjkanje primernih odlagališ? v moji bližini.;Skrb glede varnosti osebnih podatkov.;Pomanjkanje ozaveš?enosti.;,Da,Baterije;Nisem prepri?an/-a;,"Inconvenience, data privacy concerns",Posters? Holding an e-waste collection point at the faculty.
57,12/20/2025 22:41,12/20/2025 22:43,anonymous,,Slovenš?ina,23,Ženska,Fakulteta za ra?unalništvo in informatiko,Dodiplomski študij,Samsung,Med 400€ in 600€.,2024,Nimam ga namena zamenjati dokler deluje.,Po?asno delovanje / zastarelost.,Prodal/-a sem ga drugi osebi.,,Finan?na korist.;Udobje / priro?nost.;Okoljska odgovornost.;,Da,Pametni telefoni;Baterije;Prenosni in tabli?ni ra?unalniki;Gospodinjski elektri?ni aparati;Polnilniki in kabli;,"Se jim ne da iti do njih, mogo?e tudi mislimo ""da enkrat nam bo pa mogo?e prišlo prav"" itd.","Otoki za odlaganje odpadkov, plakate o ozaveš?anju"
58,12/20/2025 22:42,12/20/2025 22:44,anonymous,,Slovenš?ina,20,Ženska,Fakulteta za ra?unalništvo in informatiko,Dodiplomski študij,Samsung,Ne vem. / Ne spomnim se.,2021,Nimam ga namena zamenjati dokler deluje.,"Nepopravljive poškodbe ali poškodbe, ki so predrage za popravilo.",Shranil/-a sem ga oziroma obdržal/-a doma.,1 - 3,Udobje / priro?nost.;Pomanjkanje primernih odlagališ? v moji bližini.;Skrb glede varnosti osebnih podatkov.;,Ne,Pametni telefoni;Prenosni in tabli?ni ra?unalniki;Gospodinjski elektri?ni aparati;,,
59,12/20/2025 22:47,12/20/2025 22:48,anonymous,,Slovenš?ina,20,Moški,Fakulteta za matematiko in fiziko,Dodiplomski študij,Samsung,Med 600€ in 800€.,2021,Nimam ga namena zamenjati dokler deluje.,Zmanjkuje prostora.,Shranil/-a sem ga oziroma obdržal/-a doma.,1 - 3,Udobje / priro?nost.;,Da,Pametni telefoni;Baterije;Polnilniki in kabli;Prenosni in tabli?ni ra?unalniki;Gospodinjski elektri?ni aparati;,sentimentalnost,plakati
60,12/20/2025 22:46,12/20/2025 22:50,anonymous,,Slovenš?ina,21,Moški,Fakulteta za matematiko in fiziko,Dodiplomski študij,Google,Ve? kot 1000€.,2025,Nimam ga namena zamenjati dokler deluje.,Po?asno delovanje / zastarelost.,Shranil/-a sem ga oziroma obdržal/-a doma.,4 - 6,Pomanjkanje primernih odlagališ? v moji bližini.;Pomanjkanje ozaveš?enosti.;Udobje / priro?nost.;,Ne,Pametni telefoni;Prenosni in tabli?ni ra?unalniki;Gospodinjski elektri?ni aparati;,"Ker ne vejo da le te obstajajo, ter ?e stari telefon še ni ?isto pokvarjen je priro?no meti vsaj eno hitro rezervo doma.",Boljše obveš?anje. Oglasi o odlagališ?ih e-odpadkov.
61,12/20/2025 22:50,12/20/2025 22:52,anonymous,,Slovenš?ina,28,Moški,Fakulteta za ra?unalništvo in informatiko,Dodiplomski študij,Apple,Ve? kot 1000€.,2024,Nimam ga namena zamenjati dokler deluje.,"Nepopravljive poškodbe ali poškodbe, ki so predrage za popravilo.",Oddal/-a sem ga na ekološkem otoku v za to namenjen smetnjak.,,Udobje / priro?nost.;,Da,Pametni telefoni;Baterije;Polnilniki in kabli;Prenosni in tabli?ni ra?unalniki;Gospodinjski elektri?ni aparati;,,
62,12/20/2025 22:57,12/20/2025 22:59,anonymous,,Slovenš?ina,20,Moški,Fakulteta za ra?unalništvo in informatiko,Dodiplomski študij,Xiaomi,Med 400€ in 600€.,2022,Nimam ga namena zamenjati dokler deluje.,"Nepopravljive poškodbe ali poškodbe, ki so predrage za popravilo.",Shranil/-a sem ga oziroma obdržal/-a doma.,4 - 6,Skrb glede varnosti osebnih podatkov.;Udobje / priro?nost.;,Da,Pametni telefoni;Baterije;Prenosni in tabli?ni ra?unalniki;Gospodinjski elektri?ni aparati;Polnilniki in kabli;,,
63,12/20/2025 22:58,12/20/2025 23:04,anonymous,,English (United Kingdom)?,22,Moški,Fakulteta za matematiko in fiziko,Dodiplomski študij,Apple,Ve? kot 1000€.,2023,Nimam ga namena zamenjati dokler deluje.,Both first and third point,Shranil/-a sem ga oziroma obdržal/-a doma.,1 - 3,Just in case i need my previous one;,Da,Pametni telefoni;Baterije;Prenosni in tabli?ni ra?unalniki;Gospodinjski elektri?ni aparati;,Stupid we are,Give me free credit points. That always works 
64,12/20/2025 23:17,12/20/2025 23:20,anonymous,,Slovenš?ina,23,Moški,Fakulteta za matematiko in fiziko,Podiplomski študij (Magisterij),Motorola,Med 200€ in 400€.,2023,Nimam ga namena zamenjati dokler deluje.,Po?asno delovanje / zastarelost.,Shranil/-a sem ga oziroma obdržal/-a doma.,4 - 6,"Ni? niso vredni, tak da zakaj bi jih prodal? ;",Da,Baterije;Prenosni in tabli?ni ra?unalniki;Pametni telefoni;,"Ker so majhni, torej jih ni težko hraniti in ni razloga, da bi jih stran vrgli. ",Daj mi denar za to? 
65,12/20/2025 23:26,12/20/2025 23:28,anonymous,,Slovenš?ina,19,Moški,Fakulteta za ra?unalništvo in informatiko,Dodiplomski študij,Xiaomi,Manj kot 200€.,2025,Nimam ga namena zamenjati dokler deluje.,"Nepopravljive poškodbe ali poškodbe, ki so predrage za popravilo.",Shranil/-a sem ga oziroma obdržal/-a doma.,1 - 3,Udobje / priro?nost.;Okoljska odgovornost.;,Da,Pametni telefoni;Baterije;Polnilniki in kabli;Prenosni in tabli?ni ra?unalniki;Gospodinjski elektri?ni aparati;,,
66,12/20/2025 23:26,12/20/2025 23:29,anonymous,,Slovenš?ina,21,Moški,Fakulteta za ra?unalništvo in informatiko,Dodiplomski študij,Apple,Med 800€ in 1000€.,2025,Nimam ga namena zamenjati dokler deluje.,Slaba baterija.,Shranil/-a sem ga oziroma obdržal/-a doma.,1 - 3,Udobje / priro?nost.;,Ne,Pametni telefoni;Baterije;Polnilniki in kabli;Prenosni in tabli?ni ra?unalniki;Gospodinjski elektri?ni aparati;,jih prodajo,zbiralni koš
67,12/20/2025 23:50,12/20/2025 23:55,anonymous,,Slovenš?ina,25,Moški,"Sem bil na FRI, VSS dropout",Dodiplomski študij,Google,Med 200€ in 400€.,2024,Leta 2027,"Razbil sem ga (in pozneje popravil, je zdej za shitposting projekte), z novim sem si zelel GrapheneOS",Uporabljam ga za shitposting stvari (telefon je banger naprava z malim morjem senzorjev),,"Slabo uprasanje, nisem ga odvrgel.;",Da,Pametni telefoni;Baterije;Polnilniki in kabli;Prenosni in tabli?ni ra?unalniki;Gospodinjski elektri?ni aparati;,"Ne ves kam bi nesel, nostalgija, ""ga bom enkrat ze popravil"", hrckanje","FRI - nastavljen zabojnik pri avtomatih, kjer je vsakemu studentu ""pod nosom"" ko pride na FRI."
68,12/20/2025 23:55,12/21/2025 0:11,anonymous,,Slovenš?ina,23,Ne želim odgovoriti.,Fakulteta za ra?unalništvo in informatiko,Dodiplomski študij,Samsung,Med 800€ in 1000€.,2022,Nimam ga namena zamenjati dokler deluje.,"Nepopravljive poškodbe ali poškodbe, ki so predrage za popravilo.",Shranil/-a sem ga oziroma obdržal/-a doma.,4 - 6,Skrb glede varnosti osebnih podatkov.;Pomanjkanje primernih odlagališ? v moji bližini.;Udobje / priro?nost.;,Ne,Pametni telefoni;Prenosni in tabli?ni ra?unalniki;Nisem prepri?an/-a;,"Skrb glede varnosti podatkov; nepoznavanje zbirališ? za e-odpadke; pomankanje interesa o tem, da bi telefon sploh vrgli stran in ga samo pustijo doma",-
69,12/21/2025 0:17,12/21/2025 0:21,anonymous,,Slovenš?ina,20,Moški,Fakulteta za ra?unalništvo in informatiko,Dodiplomski študij,Samsung,Med 200€ in 400€.,2024,Nimam ga namena zamenjati dokler deluje.,Po?asno delovanje / zastarelost.,Shranil/-a sem ga oziroma obdržal/-a doma.,1 - 3,Udobje / priro?nost.;Skrb glede varnosti osebnih podatkov.;,Da,Pametni telefoni;Baterije;Polnilniki in kabli;Prenosni in tabli?ni ra?unalniki;Gospodinjski elektri?ni aparati;,,
70,12/21/2025 1:41,12/21/2025 1:47,anonymous,,Slovenš?ina,21,Ženska,Fakulteta za ra?unalništvo in informatiko,Dodiplomski študij,Apple,Med 800€ in 1000€.,2024,Nimam ga namena zamenjati dokler deluje.,Po?asno delovanje / zastarelost.,Shranil/-a sem ga oziroma obdržal/-a doma.,1 - 3,Udobje / priro?nost.;,Da,Pametni telefoni;Prenosni in tabli?ni ra?unalniki;Gospodinjski elektri?ni aparati;,Ker ne vemo kje so.,"Z zbirališ?i na fakulteti, oglaševanjem da to obstaja in kje."
71,12/21/2025 1:40,12/21/2025 1:52,anonymous,,Slovenš?ina,21,Moški,Fakulteta za ra?unalništvo in informatiko,Dodiplomski študij,Apple,Ve? kot 1000€.,2024,Nimam ga namena zamenjati dokler deluje.,Slaba baterija.,Podaril/-a sem ga prijateljem ali družinskim ?lanom.,,Finan?na korist.;Udobje / priro?nost.;Okoljska odgovornost.;,Da,Pametni telefoni;Baterije;Prenosni in tabli?ni ra?unalniki;,,Zbiralna mesta na faksu na lepem vidnem mestu
72,12/21/2025 1:55,12/21/2025 1:59,anonymous,,Slovenš?ina,25,Moški,Fakulteta za matematiko in fiziko,Doktorski študij (Doktorat),Google,Med 200€ in 400€.,2024,Nimam ga namena zamenjati dokler deluje.,Po?asno delovanje / zastarelost.,Shranil/-a sem ga oziroma obdržal/-a doma.,1 - 3,Udobje / priro?nost.;Na starih telefonih inam še slike in odlašam s prenosom;,Da,Pametni telefoni;Baterije;Prenosni in tabli?ni ra?unalniki;,Ne bi vedel,Univerza bi organizirala odlagališ?e? Idk koliko je to izvedljivo.
73,12/21/2025 3:18,12/21/2025 3:22,anonymous,,Slovenš?ina,21,Moški,Fakulteta za ra?unalništvo in informatiko,Dodiplomski študij,Samsung,Manj kot 200€.,2025,Nimam ga namena zamenjati dokler deluje.,Ker sem zastonj dobil novega.,Shranil/-a sem ga oziroma obdržal/-a doma.,1 - 3,"Udobje / priro?nost.;?e se mi trenutni pokvari, imam na voljo te, ki jih shranjujem doma.;",Da,Pametni telefoni;Baterije;Polnilniki in kabli;Prenosni in tabli?ni ra?unalniki;Gospodinjski elektri?ni aparati;,Ker verjetno še vedno delujejo in bojo mogo?e enkrat prišli v korist.,Da bi imela obešene zanimive in velike plakate po vseh možnih stenah.
74,12/21/2025 9:21,12/21/2025 9:24,anonymous,,Slovenš?ina,21,Moški,Fakulteta za ra?unalništvo in informatiko,Dodiplomski študij,Samsung,Med 200€ in 400€.,2023,Nimam ga namena zamenjati dokler deluje.,Po?asno delovanje / zastarelost.,Shranil/-a sem ga oziroma obdržal/-a doma.,1 - 3,Udobje / priro?nost.;,Da,Pametni telefoni;Polnilniki in kabli;Baterije;Prenosni in tabli?ni ra?unalniki;Gospodinjski elektri?ni aparati;,Briga jih,Veliko plakatov
75,12/21/2025 10:39,12/21/2025 10:41,anonymous,,Slovenš?ina,26,Moški,Fakulteta za matematiko in fiziko,Doktorski študij (Doktorat),Samsung,Ve? kot 1000€.,2025,Nimam ga namena zamenjati dokler deluje.,Slaba baterija.,Shranil/-a sem ga oziroma obdržal/-a doma.,1 - 3,Udobje / priro?nost.;,Da,Pametni telefoni;Prenosni in tabli?ni ra?unalniki;Gospodinjski elektri?ni aparati;,,
76,12/21/2025 10:53,12/21/2025 10:59,anonymous,,Slovenš?ina,23,Moški,Fakulteta za ra?unalništvo in informatiko,Podiplomski študij (Magisterij),Motorola,Med 200€ in 400€.,2022,V naslednjem letu (2026).,Po?asno delovanje / zastarelost.,Podaril/-a sem ga prijateljem ali družinskim ?lanom.,,Udobje / priro?nost.;,Da,Pametni telefoni;Baterije;Polnilniki in kabli;Prenosni in tabli?ni ra?unalniki;Gospodinjski elektri?ni aparati;,"Ne vem kaj je razlog drugih, moj razlog je to, da pride kdaj prav kak star telefon, kot pametni vmesnik za igranje glasbe na zvo?nikih, ki nimajo bluetooth povezave, aux pa imajo.",
77,12/21/2025 10:54,12/21/2025 11:00,anonymous,,Slovenš?ina,26,Ne želim odgovoriti.,Fakulteta za ra?unalništvo in informatiko,Podiplomski študij (Magisterij),Samsung,Med 200€ in 400€.,2022,Nimam ga namena zamenjati dokler deluje.,"Nepopravljive poškodbe ali poškodbe, ki so predrage za popravilo.",Shranil/-a sem ga oziroma obdržal/-a doma.,4 - 6,Skrb glede varnosti osebnih podatkov.;Pomanjkanje ozaveš?enosti.;,Da,Prenosni in tabli?ni ra?unalniki;Pametni telefoni;,"Ne vedo da obstajajo, ali pa ho?ejo obdržati telefon",Postavili bi lahko namenski zbiralnik/koš za eodpadke. Z plakati o tem.
78,12/21/2025 12:05,12/21/2025 12:08,anonymous,,Slovenš?ina,22,Moški,Fakulteta za matematiko in fiziko,Dodiplomski študij,Samsung,Ve? kot 1000€.,2022,Leta 2027,"Nepopravljive poškodbe ali poškodbe, ki so predrage za popravilo.",Shranil/-a sem ga oziroma obdržal/-a doma.,1 - 3,Udobje / priro?nost.;,Da,Pametni telefoni;Prenosni in tabli?ni ra?unalniki;Gospodinjski elektri?ni aparati;Polnilniki in kabli;,Uporabnost,Brošure
79,12/21/2025 12:07,12/21/2025 12:11,anonymous,,Slovenš?ina,21,Ženska,Fakulteta za ra?unalništvo in informatiko,Dodiplomski študij,Samsung,Med 400€ in 600€.,2025,Leta 2028,Slaba baterija.,Shranil/-a sem ga oziroma obdržal/-a doma.,4 - 6,Pomanjkanje primernih odlagališ? v moji bližini.;Pomanjkanje ozaveš?enosti.;,Da,Pametni telefoni;Baterije;Polnilniki in kabli;Prenosni in tabli?ni ra?unalniki;Gospodinjski elektri?ni aparati;,"Ve?ina mojih prijateljev telefone shrani, saj imajo na njih še kakšne uporabne stvari. Jaz npr. staro tablico s slabo baterijo uporabljam za YouTube, da ne koristim baterije na novi, ki bi jo lahko uporabil za delo za faks.","Plakati, morda kakšno manjše zbirališ?e za stare telefone ipd."
80,12/21/2025 12:10,12/21/2025 12:15,anonymous,,Slovenš?ina,26,Ne želim odgovoriti.,Fakulteta za matematiko in fiziko,Doktorski študij (Doktorat),Xiaomi,Med 400€ in 600€.,2025,Leta 2028,Po?asno delovanje / zastarelost.,Shranil/-a sem ga oziroma obdržal/-a doma.,1 - 3,Udobje / priro?nost.;,Da,Pametni telefoni;Baterije;Polnilniki in kabli;Prenosni in tabli?ni ra?unalniki;Gospodinjski elektri?ni aparati;,Rezervna naprava.,"Ne vem, kak poster? Sicer ne vem, ?e je univerza tista, ki mora skrbeti za to."
81,12/21/2025 11:59,12/21/2025 12:17,anonymous,,Slovenš?ina,21,Moški,Fakulteta za ra?unalništvo in informatiko,Dodiplomski študij,Poco (smzdi podpotjetje od Xiaomi),Med 200€ in 400€.,2021,Nimam ga namena zamenjati dokler deluje.,"slaba baterija, po?asno delovanje, premalo spomina, premajhen zaslon",Shranil/-a sem ga oziroma obdržal/-a doma.,1 - 3,za?asni backup ?e komu crkne telefon (?eprav lahko gledaš kako padajo procenti baterije);,Da,Pametni telefoni;Baterije;Polnilniki in kabli;Prenosni in tabli?ni ra?unalniki;Gospodinjski elektri?ni aparati;,,nemore. saj je odvisno od samega osebka kaksno izbiro naredi.
82,12/21/2025 12:38,12/21/2025 12:40,anonymous,,Slovenš?ina,21,Ženska,Fakulteta za matematiko in fiziko,Dodiplomski študij,Apple,Med 200€ in 400€.,2021,Nimam ga namena zamenjati dokler deluje.,Po?asno delovanje / zastarelost.,Shranil/-a sem ga oziroma obdržal/-a doma.,1 - 3,Udobje / priro?nost.;,Da,Pametni telefoni;Baterije;Polnilniki in kabli;Prenosni in tabli?ni ra?unalniki;Gospodinjski elektri?ni aparati;,"Ce ti trenutni telefon nenadoma neha delati, da imas rezervo, ?e je sila.",
83,12/21/2025 12:45,12/21/2025 12:47,anonymous,,Slovenš?ina,19,Ženska,Fakulteta za matematiko in fiziko,Dodiplomski študij,Samsung,Med 400€ in 600€.,2023,Nimam ga namena zamenjati dokler deluje.,Po?asno delovanje / zastarelost.,Shranil/-a sem ga oziroma obdržal/-a doma.,1 - 3,Pomanjkanje ozaveš?enosti.;Pomanjkanje primernih odlagališ? v moji bližini.;Skrb glede varnosti osebnih podatkov.;,Da,Nisem prepri?an/-a;,,
84,12/21/2025 12:55,12/21/2025 12:56,anonymous,,English (United Kingdom)?,23,Moški,Fakulteta za matematiko in fiziko,Podiplomski študij (Magisterij),Apple,Med 400€ in 600€.,2024,Nimam ga namena zamenjati dokler deluje.,"Nepopravljive poškodbe ali poškodbe, ki so predrage za popravilo.",Shranil/-a sem ga oziroma obdržal/-a doma.,1 - 3,Udobje / priro?nost.;,Da,Pametni telefoni;Baterije;Prenosni in tabli?ni ra?unalniki;Gospodinjski elektri?ni aparati;,,
85,12/21/2025 12:58,12/21/2025 13:01,anonymous,,Slovenš?ina,21,Moški,Fakulteta za ra?unalništvo in informatiko,Dodiplomski študij,Google,Med 600€ in 800€.,2021,Leta 2027,vse našteto,Shranil/-a sem ga oziroma obdržal/-a doma.,1 - 3,Udobje / priro?nost.;,Da,Pametni telefoni;Baterije;Polnilniki in kabli;Prenosni in tabli?ni ra?unalniki;,Ker je dobro imeti back-up telefon ?e se primernemu kaj zgodi ,predavanje na to temo
86,12/21/2025 13:01,12/21/2025 13:04,anonymous,,Slovenš?ina,19,Ženska,Fakulteta za ra?unalništvo in informatiko,Dodiplomski študij,Samsung,Manj kot 200€.,2024,Nimam ga namena zamenjati dokler deluje.,"Nepopravljive poškodbe ali poškodbe, ki so predrage za popravilo.",Shranil/-a sem ga oziroma obdržal/-a doma.,1 - 3,Pomanjkanje primernih odlagališ? v moji bližini.;Pomanjkanje ozaveš?enosti.;Udobje / priro?nost.;,Ne,Pametni telefoni;Baterije;Prenosni in tabli?ni ra?unalniki;Gospodinjski elektri?ni aparati;Polnilniki in kabli;,Premajhna ozaveš?enost.,
87,12/21/2025 12:59,12/21/2025 13:09,anonymous,,Slovenš?ina,21,Moški,Fakulteta za ra?unalništvo in informatiko,Dodiplomski študij,Samsung,Med 400€ in 600€.,2022,Nimam ga namena zamenjati dokler deluje.,Po?asno delovanje / zastarelost.,Shranil/-a sem ga oziroma obdržal/-a doma.,1 - 3,Udobje / priro?nost.;,Da,Pametni telefoni;Baterije;Polnilniki in kabli;Prenosni in tabli?ni ra?unalniki;Gospodinjski elektri?ni aparati;Nisem prepri?an/-a;,,
88,12/21/2025 13:08,12/21/2025 13:10,anonymous,,Slovenš?ina,20,Moški,Fakulteta za ra?unalništvo in informatiko,Dodiplomski študij,Xiaomi,Med 200€ in 400€.,2025,Nimam ga namena zamenjati dokler deluje.,Slaba baterija.,Podaril/-a sem ga prijateljem ali družinskim ?lanom.,,Finan?na korist.;,Da,Pametni telefoni;Baterije;Polnilniki in kabli;Prenosni in tabli?ni ra?unalniki;Gospodinjski elektri?ni aparati;,Lenoba ,
89,12/21/2025 13:13,12/21/2025 13:15,anonymous,,English (United Kingdom)?,22,Ženska,Fakulteta za matematiko in fiziko,Dodiplomski študij,Apple,Med 400€ in 600€.,2020,Nimam ga namena zamenjati dokler deluje.,"Nepopravljive poškodbe ali poškodbe, ki so predrage za popravilo.",Shranil/-a sem ga oziroma obdržal/-a doma.,1 - 3,Okoljska odgovornost.;Pomanjkanje ozaveš?enosti.;Pomanjkanje primernih odlagališ? v moji bližini.;Udobje / priro?nost.;,Da,Pametni telefoni;Prenosni in tabli?ni ra?unalniki;Gospodinjski elektri?ni aparati;,I dont know,Put up a poster
90,12/21/2025 13:28,12/21/2025 13:34,anonymous,,English (United Kingdom)?,19,Ženska,Fakulteta za matematiko in fiziko,Dodiplomski študij,Apple,Ve? kot 1000€.,2025,Leta 2027,Želim novejši model.,Prodal/-a sem ga trgovini.,,Finan?na korist.;Udobje / priro?nost.;Okoljska odgovornost.;,Da,Pametni telefoni;Polnilniki in kabli;Prenosni in tabli?ni ra?unalniki;Gospodinjski elektri?ni aparati;Baterije;,they might not be informed about that option enough ,Presentations on the topic
91,12/21/2025 13:45,12/21/2025 13:47,anonymous,,Slovenš?ina,22,Moški,Fakulteta za matematiko in fiziko,Dodiplomski študij,Nothing,Med 200€ in 400€.,2025,Nimam ga namena zamenjati dokler deluje.,Vse od zgoraj naštetega,Shranil/-a sem ga oziroma obdržal/-a doma.,1 - 3,Pomanjkanje primernih odlagališ? v moji bližini.;Udobje / priro?nost.;,Da,Pametni telefoni;Baterije;Polnilniki in kabli;Prenosni in tabli?ni ra?unalniki;,Odro?nost,Zbirnik z ate naprave
92,12/21/2025 13:55,12/21/2025 13:58,anonymous,,Slovenš?ina,23,Moški,Fakulteta za matematiko in fiziko,Podiplomski študij (Magisterij),Sony,Med 200€ in 400€.,2022,Nimam ga namena zamenjati dokler deluje.,Želim novejši model.,Shranil/-a sem ga oziroma obdržal/-a doma.,1 - 3,Stari telefon ob?asno še uporabljam. Recimo za spletno banko.;,Da,Pametni telefoni;Baterije;Polnilniki in kabli;Prenosni in tabli?ni ra?unalniki;Gospodinjski elektri?ni aparati;,Ker od tega nimajo neposredne koristi.,"Ozaveš?enje o odportokodni programski opremi, ki omogo?a dolgotrajnejšo uporabo naprav."
93,12/21/2025 14:16,12/21/2025 14:19,anonymous,,Slovenš?ina,19 let,Moški,Fakulteta za matematiko in fiziko,Dodiplomski študij,Samsung,Manj kot 200€.,2021,Nimam ga namena zamenjati dokler deluje.,Po?asno delovanje / zastarelost.,Shranil/-a sem ga oziroma obdržal/-a doma.,1 - 3,"Še vedno deluje, pa ?eprav slabo.;",Da,Pametni telefoni;Baterije;Prenosni in tabli?ni ra?unalniki;,"To, da ni rutinsko.",Nikakor.
94,12/21/2025 14:15,12/21/2025 14:21,anonymous,,English (United Kingdom)?,19,Moški,Fakulteta za ra?unalništvo in informatiko,Dodiplomski študij,Samsung,Med 400€ in 600€.,2023,Nimam ga namena zamenjati dokler deluje.,"Nepopravljive poškodbe ali poškodbe, ki so predrage za popravilo.",I disassembled it at home and try to fix it myself.,,Learning;,Da,Pametni telefoni;Prenosni in tabli?ni ra?unalniki;Gospodinjski elektri?ni aparati;Baterije;Polnilniki in kabli;,"Most of the time they just resell it (iPhone users), others aren't really aware where e-waste collection points are.",Have the e-waste bin in a visible and open area.
95,12/21/2025 16:27,12/21/2025 16:28,anonymous,,Slovenš?ina,20,Moški,Fakulteta za ra?unalništvo in informatiko,Dodiplomski študij,Apple,Med 200€ in 400€.,2023,Nimam ga namena zamenjati dokler deluje.,Po?asno delovanje / zastarelost.,Shranil/-a sem ga oziroma obdržal/-a doma.,1 - 3,Udobje / priro?nost.;,Da,Pametni telefoni;Polnilniki in kabli;Prenosni in tabli?ni ra?unalniki;,,
96,12/21/2025 17:28,12/21/2025 17:33,anonymous,,Slovenš?ina,27,Moški,Fakulteta za ra?unalništvo in informatiko,Dodiplomski študij,Realme,Med 200€ in 400€.,2023,Nimam ga namena zamenjati dokler deluje.,Po?asno delovanje / zastarelost.,Shranil/-a sem ga oziroma obdržal/-a doma.,1 - 3,Pomanjkanje primernih odlagališ? v moji bližini.;Udobje / priro?nost.;,Da,Pametni telefoni;Baterije;Prenosni in tabli?ni ra?unalniki;,"Ker jih ni?? Jaz se nisem slisal za nobeno prirocno lokacijo, na smetisce Cesta dveh cesarjev pa ne bom samo za to hodil","Prosim te lepo, te stvari je treba organizirat na državni ravni, kaj ma faks s tem"
97,12/21/2025 18:31,12/21/2025 18:36,anonymous,,English (United Kingdom)?,22,Moški,Fakulteta za matematiko in fiziko,Dodiplomski študij,Apple,Med 800€ in 1000€.,2024,Leta 2029,Slaba baterija.,Shranil/-a sem ga oziroma obdržal/-a doma.,7 - 10,No special resson;,Da,Pametni telefoni;Baterije;Polnilniki in kabli;Prenosni in tabli?ni ra?unalniki;,Dont know the reason why would you throw away your devicey,Spread the word about ewaste
98,12/21/2025 19:39,12/21/2025 19:41,anonymous,,Slovenš?ina,20,Ženska,Fakulteta za ra?unalništvo in informatiko,Dodiplomski študij,Xiaomi,Med 600€ in 800€.,2023,Nimam ga namena zamenjati dokler deluje.,"Nepopravljive poškodbe ali poškodbe, ki so predrage za popravilo.",Shranil/-a sem ga oziroma obdržal/-a doma.,1 - 3,Pomanjkanje primernih odlagališ? v moji bližini.;Pomanjkanje ozaveš?enosti.;,Da,Pametni telefoni;Prenosni in tabli?ni ra?unalniki;Gospodinjski elektri?ni aparati;,,
99,12/21/2025 20:07,12/21/2025 20:10,anonymous,,Slovenš?ina,20,Moški,Fakulteta za ra?unalništvo in informatiko,Dodiplomski študij,Samsung,Manj kot 200€.,2020,Nimam ga namena zamenjati dokler deluje.,"Nepopravljive poškodbe ali poškodbe, ki so predrage za popravilo.",Podaril/-a sem ga prijateljem ali družinskim ?lanom.,,Finan?na korist.;Skrb glede varnosti osebnih podatkov.;Udobje / priro?nost.;,Da,Pametni telefoni;Baterije;Polnilniki in kabli;Prenosni in tabli?ni ra?unalniki;Gospodinjski elektri?ni aparati;,,
100,12/21/2025 20:27,12/21/2025 20:31,anonymous,,English (United Kingdom)?,22,Moški,Fakulteta za matematiko in fiziko,Podiplomski študij (Magisterij),Samsung,Med 600€ in 800€.,2025,Nimam ga namena zamenjati dokler deluje.,Po?asno delovanje / zastarelost.,Shranil/-a sem ga oziroma obdržal/-a doma.,1 - 3,I still needed it. Some apps didn't transfer their data to the new phone;,Da,Pametni telefoni;Polnilniki in kabli;Prenosni in tabli?ni ra?unalniki;Gospodinjski elektri?ni aparati;,Not aware,Maybe an email at the start of the year
101,12/21/2025 22:12,12/21/2025 22:19,anonymous,,Slovenš?ina,21,Ženska,Fakulteta za matematiko in fiziko,Dodiplomski študij,Oneplus,Med 200€ in 400€.,2022,Leta 2027,"Nepopravljive poškodbe ali poškodbe, ki so predrage za popravilo.",Shranil/-a sem ga oziroma obdržal/-a doma.,1 - 3,Udobje / priro?nost.;,Da,Pametni telefoni;Baterije;Polnilniki in kabli;Prenosni in tabli?ni ra?unalniki;Gospodinjski elektri?ni aparati;,Ker smo revni in ga je treba prodat ali pa se nam samo ne da in ta telefon obstaja v najglobjem predalu...,"Plakati, ogladi na druzbenih omrezjih"
102,12/21/2025 22:32,12/21/2025 22:36,anonymous,,English (United Kingdom)?,19,Moški,Fakulteta za ra?unalništvo in informatiko,Dodiplomski študij,Samsung,Ve? kot 1000€.,2022,Nimam ga namena zamenjati dokler deluje.,Slaba baterija.,Shranil/-a sem ga oziroma obdržal/-a doma.,4 - 6,Udobje / priro?nost.;Pomanjkanje ozaveš?enosti.;Literally don't know where to dispose of them :);,Ne,Pametni telefoni;Baterije;Polnilniki in kabli;Prenosni in tabli?ni ra?unalniki;Gospodinjski elektri?ni aparati;,Don't know where the bins at,"Our favourite professor, Mr. Rr. Vlado ""Vladek"" Stankovski could inform us how to dispose of e-waste properly during his intriguing, highly informative lectures."
103,12/22/2025 7:15,12/22/2025 7:17,anonymous,,Slovenš?ina,24,Moški,Fakulteta za ra?unalništvo in informatiko,Dodiplomski študij,Xiaomi,Med 200€ in 400€.,2023,Nimam ga namena zamenjati dokler deluje.,Slaba baterija.,Shranil/-a sem ga oziroma obdržal/-a doma.,1 - 3,Udobje / priro?nost.;,Ne,Nisem prepri?an/-a;,,
104,12/22/2025 7:30,12/22/2025 7:32,anonymous,,Slovenš?ina,20,Moški,Fakulteta za ra?unalništvo in informatiko,Dodiplomski študij,Apple,Med 800€ in 1000€.,2024,Nimam ga namena zamenjati dokler deluje.,Po?asno delovanje / zastarelost.,Podaril/-a sem ga prijateljem ali družinskim ?lanom.,,Finan?na korist.;,Da,Pametni telefoni;Baterije;Polnilniki in kabli;Prenosni in tabli?ni ra?unalniki;,,
105,12/22/2025 7:33,12/22/2025 7:36,anonymous,,Slovenš?ina,22,Moški,Fakulteta za matematiko in fiziko,Dodiplomski študij,Oppo,Med 200€ in 400€.,2022,V naslednjem letu (2026).,"Nepopravljive poškodbe ali poškodbe, ki so predrage za popravilo.",Shranil/-a sem ga oziroma obdržal/-a doma.,1 - 3,Udobje / priro?nost.;Pomanjkanje primernih odlagališ? v moji bližini.;Pomanjkanje ozaveš?enosti.;Okoljska odgovornost.;,Da,Pametni telefoni;Polnilniki in kabli;Baterije;Prenosni in tabli?ni ra?unalniki;Gospodinjski elektri?ni aparati;,Manj dela.,DA bo bilje ozaveš?al študentom kam naj jih odvržemo in le to naj bo ?im bolj priro?no.
106,12/22/2025 8:24,12/22/2025 8:27,anonymous,,Slovenš?ina,27,Ne želim odgovoriti.,Fakulteta za ra?unalništvo in informatiko,Podiplomski študij (Magisterij),Google,Med 600€ in 800€.,2024,Nimam ga namena zamenjati dokler deluje.,Po?asno delovanje / zastarelost.,Shranil/-a sem ga oziroma obdržal/-a doma.,4 - 6,Udobje / priro?nost.,Da,Prenosni in tabli?ni ra?unalniki;Gospodinjski elektri?ni aparati;Nisem prepri?an/-a;Pametni telefoni,Priro?no je imeti doma rezervni telefon.,"Z navedbo razloga, zakaj je to smiselno po?eti, zakaj je npr. nevarno imeti doma stvari z napihnjenimi baterijami, kako se tega pravilno lotiti, pa tudi, kaj je prednost lo?evanja telefonov v primerjavi s hranjenjem doma."
107,12/22/2025 8:58,12/22/2025 9:00,anonymous,,Slovenš?ina,22,Moški,Fakulteta za ra?unalništvo in informatiko,Dodiplomski študij,Apple,Med 800€ in 1000€.,2025,Nimam ga namena zamenjati dokler deluje.,Slaba baterija.,Prodal/-a sem ga drugi osebi.,,Udobje / priro?nost.;Okoljska odgovornost.;Finan?na korist.,Da,Pametni telefoni;Baterije;Polnilniki in kabli;Prenosni in tabli?ni ra?unalniki;Gospodinjski elektri?ni aparati,,
108,12/22/2025 12:02,12/22/2025 12:05,anonymous,,Slovenš?ina,21,Moški,Fakulteta za ra?unalništvo in informatiko,Dodiplomski študij,Samsung,Med 400€ in 600€.,2023,V naslednji 6 mesecih.,Po?asno delovanje / zastarelost.,Shranil/-a sem ga oziroma obdržal/-a doma.,4 - 6,Udobje / priro?nost.,Ne,Pametni telefoni;Baterije;Prenosni in tabli?ni ra?unalniki;Gospodinjski elektri?ni aparati,odve?no delo,
109,12/22/2025 14:05,12/22/2025 14:08,anonymous,,Slovenš?ina,20,Ne želim odgovoriti.,Fakulteta za ra?unalništvo in informatiko,Dodiplomski študij,Samsung,Med 400€ in 600€.,2022,Nimam ga namena zamenjati dokler deluje.,"Nepopravljive poškodbe ali poškodbe, ki so predrage za popravilo.",Podaril/-a sem ga prijateljem ali družinskim ?lanom.,,Udobje / priro?nost.;Okoljska odgovornost.;Finan?na korist.,Da,Pametni telefoni;Prenosni in tabli?ni ra?unalniki;Gospodinjski elektri?ni aparati,,
110,12/22/2025 19:06,12/22/2025 19:08,anonymous,,English (United Kingdom)?,19,Moški,Fakulteta za matematiko in fiziko,Dodiplomski študij,Samsung,Med 400€ in 600€.,2023,Nimam ga namena zamenjati dokler deluje.,"Nepopravljive poškodbe ali poškodbe, ki so predrage za popravilo.",Shranil/-a sem ga oziroma obdržal/-a doma.,7 - 10,Udobje / priro?nost.;Pomanjkanje primernih odlagališ? v moji bližini.,Da,Pametni telefoni;Prenosni in tabli?ni ra?unalniki;Polnilniki in kabli,You may need the old phone for something in the future,Why is it their problem?
111,12/22/2025 21:20,12/22/2025 21:24,anonymous,,Slovenš?ina,24,Ženska,Fakulteta za ra?unalništvo in informatiko,Dodiplomski študij,Samsung,Ve? kot 1000€.,2025,Nimam ga namena zamenjati dokler deluje.,Varnoste/sistemske posodobitve niso ve? na voljo.,Shranil/-a sem ga oziroma obdržal/-a doma.,1 - 3,Udobje / priro?nost.,Da,Pametni telefoni;Baterije;Polnilniki in kabli;Prenosni in tabli?ni ra?unalniki;Gospodinjski elektri?ni aparati,Prevoz.,Izobraževanja.
112,12/23/2025 16:23,12/23/2025 16:25,anonymous,,Slovenš?ina,21,Moški,Fakulteta za ra?unalništvo in informatiko,Dodiplomski študij,Apple,Ve? kot 1000€.,2023,Nimam ga namena zamenjati dokler deluje.,Želim novejši model.,Podaril/-a sem ga prijateljem ali družinskim ?lanom.,,Udobje / priro?nost.;Okoljska odgovornost.,Da,Pametni telefoni;Baterije;Polnilniki in kabli;Prenosni in tabli?ni ra?unalniki;Gospodinjski elektri?ni aparati,nismo dovolj ozaveš?eni kje in kako se e-odpadke pravilno odvrže,Informacijska kampanja
113,12/23/2025 22:37,12/23/2025 22:41,anonymous,,Slovenš?ina,22,Ženska,Fakulteta za matematiko in fiziko,Dodiplomski študij,Apple,Med 200€ in 400€.,2020,Nimam ga namena zamenjati dokler deluje.,Po?asno delovanje / zastarelost.,Shranil/-a sem ga oziroma obdržal/-a doma.,1 - 3,Udobje / priro?nost.;Pomanjkanje ozaveš?enosti.,Da,Pametni telefoni;Baterije;Polnilniki in kabli;Prenosni in tabli?ni ra?unalniki;Gospodinjski elektri?ni aparati,Premajhna osveš?enost in lenoba,Zbiranje odpadkov neposredno na fakulteti
114,12/29/2025 1:36,12/29/2025 1:38,anonymous,,English (United Kingdom)?,20,Moški,Fakulteta za ra?unalništvo in informatiko,Dodiplomski študij,Apple,Med 600€ in 800€.,2020,Nimam ga namena zamenjati dokler deluje.,"Nepopravljive poškodbe ali poškodbe, ki so predrage za popravilo.",Shranil/-a sem ga oziroma obdržal/-a doma.,4 - 6,Udobje / priro?nost.,Da,Pametni telefoni;Prenosni in tabli?ni ra?unalniki,,Add ewaste bins to faculty 
115,12/29/2025 16:31,12/29/2025 16:35,anonymous,,Slovenš?ina,20,Ženska,Fakulteta za matematiko in fiziko,Dodiplomski študij,Xiaomi,Med 200€ in 400€.,Pred letom 2020.,V naslednjem letu (2026).,"Nepopravljive poškodbe ali poškodbe, ki so predrage za popravilo.",Shranil/-a sem ga oziroma obdržal/-a doma.,1 - 3,Udobje / priro?nost.,Da,Pametni telefoni;Baterije;Prenosni in tabli?ni ra?unalniki;Gospodinjski elektri?ni aparati;Polnilniki in kabli,"Stari telefon še potrebujejo zaradi shranjenih podatkov, ne vejo kam ga odpeljati/odlagališ?e je predale?.","Izobraževanja, možnost odlaganja e-odpadkov na univerzi."
116,12/29/2025 17:17,12/29/2025 17:21,anonymous,,Slovenš?ina,20,Moški,Fakulteta za matematiko in fiziko,Dodiplomski študij,Samsung,Ve? kot 1000€.,2024,Nimam ga namena zamenjati dokler deluje.,Po?asno delovanje / zastarelost.,Podaril/-a sem ga prijateljem ali družinskim ?lanom.,,Udobje / priro?nost.;Finan?na korist.,Ne,Pametni telefoni;Baterije;Prenosni in tabli?ni ra?unalniki;Gospodinjski elektri?ni aparati,Shranijo si ga doma v poljubni predal/dajo ga naprej družinskim ?lanom. ,
117,1/1/2026 20:07,1/1/2026 20:24,anonymous,,Slovenš?ina,22,Moški,Fakulteta za matematiko in fiziko,Dodiplomski študij,Huawei,Manj kot 200€.,Pred letom 2020.,Nimam ga namena zamenjati dokler deluje.,Po?asno delovanje / zastarelost.,Shranil/-a sem ga oziroma obdržal/-a doma.,1 - 3,"Udobje / priro?nost.;Najprej so bili to moji rezervni telefoni, a v resnici se potem nisem ve? ukvarjal z njimi.",Da,Pametni telefoni;Baterije;Prenosni in tabli?ni ra?unalniki;Polnilniki in kabli;Gospodinjski elektri?ni aparati,"?e ?rpam iz osebne izkušnje, potem je to shranjevanje starih telefonov ""za rezervo"", ki pa je nikoli ne uporabimo. Kasneje pa nimamo volje, da bi z njimi kaj storili.","Plakati, obštudijske delavnice, zbiralne akcije, ozaveš?anje ... morda bi bila dobra ideja tudi ""kavcija"" za telefone (ideja za višje instance)."
118,1/2/2026 14:55,1/2/2026 14:58,anonymous,,English (United Kingdom)?,21,Moški,Fakulteta za ra?unalništvo in informatiko,Dodiplomski študij,Samsung,Med 200€ in 400€.,2025,Nimam ga namena zamenjati dokler deluje.,Po?asno delovanje / zastarelost.,Shranil/-a sem ga oziroma obdržal/-a doma.,1 - 3,Udobje / priro?nost.,Da,Baterije;Pametni telefoni;Polnilniki in kabli;Prenosni in tabli?ni ra?unalniki;Gospodinjski elektri?ni aparati,Probably data or convinience personally I kept it so I can use it in my projects and homelab,Mention it in a lecture
119,1/5/2026 12:52,1/5/2026 12:56,anonymous,,Slovenš?ina,22,Moški,Fakulteta za matematiko in fiziko,Dodiplomski študij,Samsung,Med 200€ in 400€.,2022,Nimam ga namena zamenjati dokler deluje.,"Nepopravljive poškodbe ali poškodbe, ki so predrage za popravilo.",Shranil/-a sem ga oziroma obdržal/-a doma.,1 - 3,Udobje / priro?nost.;Pomanjkanje ozaveš?enosti.,Ne,Pametni telefoni;Baterije;Polnilniki in kabli;Prenosni in tabli?ni ra?unalniki;Gospodinjski elektri?ni aparati,Se jim ne da,Da jim da en pir ko prinesejo telefon.
